MatchID,PeriodID,ID,EventType,Hashtags Count,Exclamation_Count,TweetLength,TweetCount_PerPeriod,Team_Score,Previous1_TweetFreq,Previous2_TweetFreq,Previous3_TweetFreq,Previous4_TweetFreq,Previous5_TweetFreq,TopTFIDFWordCount
0,0,0_0,0.0,1.475609756097561,0.17073170731707318,55.8780487804878,82.0,40.0,0.0,0.0,0.0,0.0,0.0,1.3414634146341464
0,1,0_1,0.0,1.3380281690140845,0.29577464788732394,49.563380281690144,71.0,40.0,82.0,0.0,0.0,0.0,0.0,1.0985915492957747
0,2,0_2,0.0,1.5783132530120483,0.25301204819277107,51.98795180722892,83.0,40.0,71.0,82.0,0.0,0.0,0.0,0.9879518072289156
0,3,0_3,0.0,1.40625,0.3229166666666667,46.572916666666664,96.0,40.0,83.0,71.0,82.0,0.0,0.0,0.9791666666666666
0,4,0_4,0.0,0.8111888111888111,0.2517482517482518,42.79020979020979,143.0,40.0,96.0,83.0,71.0,82.0,0.0,0.8881118881118881
0,5,0_5,0.0,1.5826771653543308,0.5511811023622047,53.22834645669291,127.0,40.0,143.0,96.0,83.0,71.0,82.0,1.141732283464567
0,6,0_6,0.0,1.1610169491525424,0.3474576271186441,51.09322033898305,118.0,40.0,127.0,143.0,96.0,83.0,71.0,1.3559322033898304
0,7,0_7,0.0,1.3974358974358974,0.47435897435897434,53.76923076923077,156.0,40.0,118.0,127.0,143.0,96.0,83.0,1.3974358974358974
0,8,0_8,0.0,1.096774193548387,0.2903225806451613,58.29677419354839,155.0,40.0,156.0,118.0,127.0,143.0,96.0,0.9225806451612903
0,9,0_9,1.0,1.3714285714285714,0.45,53.035714285714285,140.0,40.0,155.0,156.0,118.0,127.0,143.0,1.3285714285714285
0,10,0_10,1.0,1.8669354838709677,0.36693548387096775,50.814516129032256,248.0,40.0,140.0,155.0,156.0,118.0,127.0,1.2459677419354838
0,11,0_11,1.0,1.5195530726256983,0.3128491620111732,51.43016759776536,179.0,40.0,248.0,140.0,155.0,156.0,118.0,1.1843575418994414
0,12,0_12,0.0,1.4883720930232558,0.47674418604651164,45.45348837209303,172.0,40.0,179.0,248.0,140.0,155.0,156.0,1.052325581395349
0,13,0_13,0.0,1.2269503546099292,0.3333333333333333,47.05673758865248,141.0,40.0,172.0,179.0,248.0,140.0,155.0,1.1205673758865249
0,14,0_14,0.0,1.7847222222222223,0.4791666666666667,49.083333333333336,144.0,40.0,141.0,172.0,179.0,248.0,140.0,1.0277777777777777
0,15,0_15,0.0,1.8407079646017699,0.34513274336283184,55.86725663716814,113.0,40.0,144.0,141.0,172.0,179.0,248.0,1.2654867256637168
0,16,0_16,1.0,1.244360902255639,0.5714285714285714,41.8421052631579,266.0,40.0,113.0,144.0,141.0,172.0,179.0,1.0225563909774436
0,17,0_17,1.0,1.3741935483870968,0.5290322580645161,48.39677419354839,310.0,40.0,266.0,113.0,144.0,141.0,172.0,1.0193548387096774
0,18,0_18,1.0,1.364,0.456,47.176,250.0,40.0,310.0,266.0,113.0,144.0,141.0,1.164
0,19,0_19,1.0,1.5260663507109005,0.3791469194312796,49.687203791469194,211.0,40.0,250.0,310.0,266.0,113.0,144.0,1.113744075829384
0,20,0_20,1.0,1.5416666666666667,0.3680555555555556,51.90277777777778,144.0,40.0,211.0,250.0,310.0,266.0,113.0,1.2638888888888888
0,21,0_21,1.0,1.213740458015267,0.2366412213740458,48.961832061068705,131.0,40.0,144.0,211.0,250.0,310.0,266.0,1.2442748091603053
0,22,0_22,1.0,1.553191489361702,0.3333333333333333,51.4468085106383,141.0,40.0,131.0,144.0,211.0,250.0,310.0,1.4397163120567376
0,23,0_23,1.0,1.394736842105263,0.2807017543859649,51.12280701754386,114.0,40.0,141.0,131.0,144.0,211.0,250.0,1.4649122807017543
0,24,0_24,1.0,1.3863636363636365,0.4659090909090909,49.95454545454545,88.0,40.0,114.0,141.0,131.0,144.0,211.0,1.3181818181818181
0,25,0_25,1.0,1.3131313131313131,0.1919191919191919,54.484848484848484,99.0,40.0,88.0,114.0,141.0,131.0,144.0,1.0707070707070707
0,26,0_26,0.0,1.0333333333333334,0.14444444444444443,58.82222222222222,90.0,40.0,99.0,88.0,114.0,141.0,131.0,1.8
0,27,0_27,0.0,1.9411764705882353,0.27058823529411763,53.67058823529412,85.0,40.0,90.0,99.0,88.0,114.0,141.0,1.3764705882352941
0,28,0_28,0.0,1.2289156626506024,0.1566265060240964,55.1566265060241,83.0,40.0,85.0,90.0,99.0,88.0,114.0,1.3614457831325302
0,29,0_29,0.0,0.9473684210526315,0.24561403508771928,47.80701754385965,57.0,40.0,83.0,85.0,90.0,99.0,88.0,1.1929824561403508
0,30,0_30,0.0,1.2207792207792207,0.2727272727272727,54.701298701298704,77.0,40.0,57.0,83.0,85.0,90.0,99.0,1.4935064935064934
0,31,0_31,1.0,0.9710144927536232,0.11594202898550725,48.47826086956522,69.0,40.0,77.0,57.0,83.0,85.0,90.0,1.3478260869565217
0,32,0_32,0.0,0.9830508474576272,0.3220338983050847,53.32203389830509,59.0,40.0,69.0,77.0,57.0,83.0,85.0,1.1355932203389831
0,33,0_33,0.0,1.127659574468085,0.2872340425531915,55.3936170212766,94.0,40.0,59.0,69.0,77.0,57.0,83.0,1.351063829787234
0,34,0_34,1.0,0.9493670886075949,0.11392405063291139,55.30379746835443,79.0,40.0,94.0,59.0,69.0,77.0,57.0,1.3037974683544304
0,35,0_35,1.0,1.1095890410958904,0.273972602739726,56.50684931506849,73.0,40.0,79.0,94.0,59.0,69.0,77.0,1.2465753424657535
0,36,0_36,0.0,0.84,0.19,59.01,100.0,40.0,73.0,79.0,94.0,59.0,69.0,1.5
0,37,0_37,0.0,1.1,0.15714285714285714,48.34285714285714,70.0,40.0,100.0,73.0,79.0,94.0,59.0,1.1857142857142857
0,38,0_38,0.0,0.72,0.32,50.88,50.0,40.0,70.0,100.0,73.0,79.0,94.0,1.02
0,39,0_39,0.0,0.9841269841269841,0.23809523809523808,55.23809523809524,63.0,40.0,50.0,70.0,100.0,73.0,79.0,1.253968253968254
0,40,0_40,0.0,1.6875,0.296875,54.5,64.0,40.0,63.0,50.0,70.0,100.0,73.0,1.3125
0,41,0_41,1.0,1.0953846153846154,0.3723076923076923,39.43692307692308,325.0,40.0,64.0,63.0,50.0,70.0,100.0,0.9507692307692308
0,42,0_42,1.0,1.3192612137203166,0.44854881266490765,44.857519788918204,379.0,40.0,325.0,64.0,63.0,50.0,70.0,1.0474934036939314
0,43,0_43,1.0,1.2407407407407407,0.3592592592592593,47.53703703703704,270.0,40.0,379.0,325.0,64.0,63.0,50.0,1.114814814814815
0,44,0_44,1.0,1.385321100917431,0.463302752293578,51.54128440366973,218.0,40.0,270.0,379.0,325.0,64.0,63.0,1.5
0,45,0_45,1.0,1.0706521739130435,0.29347826086956524,48.17934782608695,184.0,40.0,218.0,270.0,379.0,325.0,64.0,1.25
0,46,0_46,1.0,1.1366906474820144,0.28776978417266186,51.30935251798561,139.0,40.0,184.0,218.0,270.0,379.0,325.0,1.3741007194244603
0,47,0_47,1.0,0.957983193277311,0.36134453781512604,48.857142857142854,119.0,40.0,139.0,184.0,218.0,270.0,379.0,1.3361344537815125
0,48,0_48,1.0,0.7904761904761904,0.3333333333333333,50.857142857142854,105.0,40.0,119.0,139.0,184.0,218.0,270.0,1.2190476190476192
0,49,0_49,1.0,1.4661016949152543,0.1694915254237288,54.0,118.0,40.0,105.0,119.0,139.0,184.0,218.0,1.0169491525423728
0,50,0_50,1.0,1.2421875,0.2109375,52.3671875,128.0,40.0,118.0,105.0,119.0,139.0,184.0,1.1015625
0,51,0_51,0.0,1.0888888888888888,0.14444444444444443,53.41111111111111,90.0,40.0,128.0,118.0,105.0,119.0,139.0,1.2555555555555555
0,52,0_52,0.0,0.9176470588235294,0.15294117647058825,56.705882352941174,85.0,40.0,90.0,128.0,118.0,105.0,119.0,1.5529411764705883
0,53,0_53,1.0,0.7125,0.2375,52.7625,80.0,40.0,85.0,90.0,128.0,118.0,105.0,1.1
0,54,0_54,0.0,0.6808510638297872,0.24468085106382978,60.148936170212764,94.0,40.0,80.0,85.0,90.0,128.0,118.0,1.6170212765957446
0,55,0_55,0.0,0.8488372093023255,0.26744186046511625,55.95348837209303,86.0,40.0,94.0,80.0,85.0,90.0,128.0,1.627906976744186
0,56,0_56,1.0,0.8241758241758241,0.42857142857142855,60.76923076923077,91.0,40.0,86.0,94.0,80.0,85.0,90.0,1.8681318681318682
0,57,0_57,1.0,1.6306818181818181,0.3181818181818182,55.51136363636363,176.0,40.0,91.0,86.0,94.0,80.0,85.0,1.5454545454545454
0,58,0_58,1.0,1.9896907216494846,0.31443298969072164,53.391752577319586,194.0,40.0,176.0,91.0,86.0,94.0,80.0,1.5257731958762886
0,59,0_59,1.0,1.9242424242424243,0.20454545454545456,57.67424242424242,132.0,40.0,194.0,176.0,91.0,86.0,94.0,1.4772727272727273
0,60,0_60,1.0,1.3006993006993006,0.14685314685314685,61.15384615384615,143.0,40.0,132.0,194.0,176.0,91.0,86.0,1.5594405594405594
0,61,0_61,1.0,1.4609375,0.265625,60.6015625,128.0,40.0,143.0,132.0,194.0,176.0,91.0,1.421875
0,62,0_62,1.0,1.936936936936937,0.2972972972972973,53.55855855855856,111.0,40.0,128.0,143.0,132.0,194.0,176.0,1.1891891891891893
0,63,0_63,1.0,1.3762376237623761,0.2871287128712871,57.91089108910891,101.0,40.0,111.0,128.0,143.0,132.0,194.0,1.4851485148514851
0,64,0_64,1.0,1.1844660194174756,0.1262135922330097,55.00970873786408,103.0,40.0,101.0,111.0,128.0,143.0,132.0,1.5048543689320388
0,65,0_65,1.0,1.6170212765957446,0.2872340425531915,57.8936170212766,94.0,40.0,103.0,101.0,111.0,128.0,143.0,1.446808510638298
0,66,0_66,0.0,1.5076923076923077,0.2,59.784615384615385,65.0,40.0,94.0,103.0,101.0,111.0,128.0,1.6923076923076923
0,67,0_67,0.0,1.1304347826086956,0.2318840579710145,57.98550724637681,69.0,40.0,65.0,94.0,103.0,101.0,111.0,1.3333333333333333
0,68,0_68,1.0,1.2244897959183674,0.24489795918367346,55.69387755102041,49.0,40.0,69.0,65.0,94.0,103.0,101.0,1.6734693877551021
0,69,0_69,1.0,1.2982456140350878,0.2982456140350877,53.45614035087719,57.0,40.0,49.0,69.0,65.0,94.0,103.0,1.4210526315789473
0,70,0_70,1.0,2.204081632653061,0.22448979591836735,58.51020408163265,49.0,40.0,57.0,49.0,69.0,65.0,94.0,1.3061224489795917
0,71,0_71,0.0,1.9583333333333333,0.3541666666666667,54.729166666666664,48.0,40.0,49.0,57.0,49.0,69.0,65.0,1.1666666666666667
0,72,0_72,0.0,1.75,0.26666666666666666,59.36666666666667,60.0,40.0,48.0,49.0,57.0,49.0,69.0,1.25
0,73,0_73,1.0,1.920353982300885,0.09734513274336283,60.08849557522124,113.0,40.0,60.0,48.0,49.0,57.0,49.0,1.247787610619469
0,74,0_74,1.0,1.8681318681318682,0.21978021978021978,59.0989010989011,91.0,40.0,113.0,60.0,48.0,49.0,57.0,1.4725274725274726
0,75,0_75,0.0,1.9801980198019802,0.06930693069306931,65.08910891089108,101.0,40.0,91.0,113.0,60.0,48.0,49.0,1.613861386138614
0,76,0_76,0.0,1.794392523364486,0.102803738317757,65.3644859813084,107.0,40.0,101.0,91.0,113.0,60.0,48.0,1.588785046728972
0,77,0_77,0.0,1.7052631578947368,0.23157894736842105,60.2,95.0,40.0,107.0,101.0,91.0,113.0,60.0,1.231578947368421
0,78,0_78,0.0,1.5636363636363637,0.07272727272727272,57.70909090909091,55.0,40.0,95.0,107.0,101.0,91.0,113.0,1.2363636363636363
0,79,0_79,1.0,2.4838709677419355,0.11290322580645161,64.20967741935483,62.0,40.0,55.0,95.0,107.0,101.0,91.0,1.1774193548387097
0,80,0_80,1.0,0.8867924528301887,0.330188679245283,47.66981132075472,106.0,40.0,62.0,55.0,95.0,107.0,101.0,1.0943396226415094
0,81,0_81,1.0,0.9577464788732394,0.30985915492957744,54.028169014084504,71.0,40.0,106.0,62.0,55.0,95.0,107.0,1.2394366197183098
0,82,0_82,0.0,0.9583333333333334,0.14583333333333334,49.895833333333336,48.0,40.0,71.0,106.0,62.0,55.0,95.0,1.0833333333333333
0,83,0_83,0.0,1.12,0.3,51.44,50.0,40.0,48.0,71.0,106.0,62.0,55.0,1.4
0,84,0_84,0.0,1.25,0.2,53.125,40.0,40.0,50.0,48.0,71.0,106.0,62.0,1.375
0,85,0_85,1.0,0.6410256410256411,0.3076923076923077,51.84615384615385,39.0,40.0,40.0,50.0,48.0,71.0,106.0,1.1025641025641026
0,86,0_86,0.0,1.1282051282051282,0.4358974358974359,58.46153846153846,39.0,40.0,39.0,40.0,50.0,48.0,71.0,1.5384615384615385
0,87,0_87,1.0,0.9333333333333333,0.022222222222222223,41.733333333333334,45.0,40.0,39.0,39.0,40.0,50.0,48.0,1.0666666666666667
0,88,0_88,0.0,1.0425531914893618,0.2553191489361702,50.148936170212764,47.0,40.0,45.0,39.0,39.0,40.0,50.0,1.0212765957446808
0,89,0_89,1.0,0.6027397260273972,0.4383561643835616,44.84931506849315,73.0,40.0,47.0,45.0,39.0,39.0,40.0,0.8493150684931506
0,90,0_90,1.0,0.963302752293578,0.23853211009174313,48.96330275229358,109.0,40.0,73.0,47.0,45.0,39.0,39.0,0.8165137614678899
0,91,0_91,1.0,0.9642857142857143,0.10714285714285714,57.839285714285715,56.0,40.0,109.0,73.0,47.0,45.0,39.0,0.75
0,92,0_92,0.0,1.4523809523809523,0.23809523809523808,56.166666666666664,42.0,40.0,56.0,109.0,73.0,47.0,45.0,1.1666666666666667
0,93,0_93,0.0,0.7592592592592593,0.16666666666666666,47.75925925925926,54.0,40.0,42.0,56.0,109.0,73.0,47.0,1.0555555555555556
0,94,0_94,1.0,0.9324324324324325,0.5945945945945946,51.63513513513514,74.0,40.0,54.0,42.0,56.0,109.0,73.0,1.337837837837838
0,95,0_95,0.0,0.8301886792452831,0.2641509433962264,51.9622641509434,53.0,40.0,74.0,54.0,42.0,56.0,109.0,1.3584905660377358
0,96,0_96,0.0,1.8709677419354838,0.25806451612903225,52.096774193548384,62.0,40.0,53.0,74.0,54.0,42.0,56.0,1.2741935483870968
0,97,0_97,0.0,1.2857142857142858,0.21428571428571427,49.95238095238095,42.0,40.0,62.0,53.0,74.0,54.0,42.0,1.4047619047619047
0,98,0_98,0.0,1.2916666666666667,0.25,50.041666666666664,48.0,40.0,42.0,62.0,53.0,74.0,54.0,1.75
0,99,0_99,1.0,1.345945945945946,0.5783783783783784,45.6,185.0,40.0,48.0,42.0,62.0,53.0,74.0,1.027027027027027
0,100,0_100,1.0,1.4568690095846646,0.5878594249201278,47.846645367412144,313.0,40.0,185.0,48.0,42.0,62.0,53.0,1.1277955271565496
0,101,0_101,1.0,1.2416666666666667,0.6708333333333333,49.541666666666664,240.0,40.0,313.0,185.0,48.0,42.0,62.0,1.075
0,102,0_102,1.0,1.3592233009708738,0.45145631067961167,52.25242718446602,206.0,40.0,240.0,313.0,185.0,48.0,42.0,1.2621359223300972
0,103,0_103,1.0,1.1369047619047619,0.4166666666666667,50.30357142857143,168.0,40.0,206.0,240.0,313.0,185.0,48.0,1.1785714285714286
0,104,0_104,1.0,1.4193548387096775,0.6370967741935484,56.04838709677419,124.0,40.0,168.0,206.0,240.0,313.0,185.0,1.2258064516129032
0,105,0_105,1.0,1.180327868852459,0.3442622950819672,53.72950819672131,122.0,40.0,124.0,168.0,206.0,240.0,313.0,1.3524590163934427
0,106,0_106,1.0,1.2260869565217392,0.26956521739130435,49.33913043478261,115.0,40.0,122.0,124.0,168.0,206.0,240.0,1.2434782608695651
0,107,0_107,1.0,0.9404761904761905,0.20238095238095238,53.273809523809526,84.0,40.0,115.0,122.0,124.0,168.0,206.0,1.2380952380952381
0,108,0_108,1.0,1.0604026845637584,0.3288590604026846,45.15436241610738,149.0,40.0,84.0,115.0,122.0,124.0,168.0,0.9530201342281879
0,109,0_109,1.0,1.0416666666666667,0.275,53.25833333333333,120.0,40.0,149.0,84.0,115.0,122.0,124.0,1.2583333333333333
0,110,0_110,1.0,1.1481481481481481,0.24691358024691357,51.65432098765432,81.0,40.0,120.0,149.0,84.0,115.0,122.0,1.1728395061728396
0,111,0_111,0.0,1.0714285714285714,0.2857142857142857,53.957142857142856,70.0,40.0,81.0,120.0,149.0,84.0,115.0,1.5142857142857142
0,112,0_112,0.0,0.7857142857142857,0.15714285714285714,53.31428571428572,70.0,40.0,70.0,81.0,120.0,149.0,84.0,1.3714285714285714
0,113,0_113,0.0,1.1111111111111112,0.2962962962962963,53.65432098765432,81.0,40.0,70.0,70.0,81.0,120.0,149.0,1.5061728395061729
0,114,0_114,0.0,2.020408163265306,0.2857142857142857,57.142857142857146,49.0,40.0,81.0,70.0,70.0,81.0,120.0,1.0408163265306123
0,115,0_115,1.0,0.8769230769230769,0.23076923076923078,52.738461538461536,65.0,40.0,49.0,81.0,70.0,70.0,81.0,1.2461538461538462
0,116,0_116,1.0,0.7352941176470589,0.23529411764705882,55.75,68.0,40.0,65.0,49.0,81.0,70.0,70.0,1.1323529411764706
0,117,0_117,1.0,1.0,0.12244897959183673,55.97959183673469,49.0,40.0,68.0,65.0,49.0,81.0,70.0,1.3265306122448979
0,118,0_118,0.0,0.90625,0.21875,53.953125,64.0,40.0,49.0,68.0,65.0,49.0,81.0,1.265625
0,119,0_119,1.0,0.8,0.2,48.28,75.0,40.0,64.0,49.0,68.0,65.0,49.0,1.1866666666666668
0,120,0_120,1.0,0.7407407407407407,0.16049382716049382,57.111111111111114,81.0,40.0,75.0,64.0,49.0,68.0,65.0,1.5061728395061729
0,121,0_121,1.0,1.6065573770491803,0.22131147540983606,50.98360655737705,122.0,40.0,81.0,75.0,64.0,49.0,68.0,1.2950819672131149
0,122,0_122,1.0,2.112727272727273,0.24,55.84,275.0,40.0,122.0,81.0,75.0,64.0,49.0,1.2436363636363637
0,123,0_123,1.0,1.989399293286219,0.24028268551236748,56.87279151943463,283.0,40.0,275.0,122.0,81.0,75.0,64.0,1.2720848056537102
0,124,0_124,1.0,1.6457399103139014,0.27802690582959644,56.06726457399103,223.0,40.0,283.0,275.0,122.0,81.0,75.0,1.2062780269058295
0,125,0_125,1.0,1.613953488372093,0.29767441860465116,58.25581395348837,215.0,40.0,223.0,283.0,275.0,122.0,81.0,1.186046511627907
0,126,0_126,1.0,1.5351351351351352,0.35135135135135137,61.09189189189189,185.0,40.0,215.0,223.0,283.0,275.0,122.0,1.3621621621621622
0,127,0_127,1.0,1.696551724137931,0.3724137931034483,63.60689655172414,145.0,40.0,185.0,215.0,223.0,283.0,275.0,1.5034482758620689
0,128,0_128,1.0,1.7209302325581395,0.24031007751937986,59.310077519379846,129.0,40.0,145.0,185.0,215.0,223.0,283.0,1.2945736434108528
0,129,0_129,1.0,1.1653543307086613,0.29133858267716534,62.69291338582677,127.0,40.0,129.0,145.0,185.0,215.0,223.0,1.7244094488188977
1,0,1_0,0.0,0.9942799461641992,0.5467698519515478,44.371467025572,2972.0,5.0,0.0,0.0,0.0,0.0,0.0,1.2489905787348587
1,1,1_1,0.0,0.8803680981595092,0.5443081117927744,41.7348329925017,2934.0,5.0,2972.0,0.0,0.0,0.0,0.0,1.2293796864349011
1,2,1_2,0.0,0.888814913448735,0.6238348868175766,40.29527296937417,3004.0,5.0,2934.0,2972.0,0.0,0.0,0.0,1.2283621837549934
1,3,1_3,0.0,0.90263319044703,0.6607470912431108,39.19503980404164,3266.0,5.0,3004.0,2934.0,2972.0,0.0,0.0,1.2504592774035517
1,4,1_4,1.0,0.8862937922556853,0.6097111247695144,39.8100799016595,3254.0,5.0,3266.0,3004.0,2934.0,2972.0,0.0,1.2197295636140135
1,5,1_5,1.0,0.886736214605067,0.5642324888226528,40.29448584202682,3355.0,5.0,3254.0,3266.0,3004.0,2934.0,2972.0,1.1171385991058123
1,6,1_6,1.0,0.7756393356182442,0.5626153440548378,41.0698655417875,3793.0,5.0,3355.0,3254.0,3266.0,3004.0,2934.0,0.9905088320590562
1,7,1_7,1.0,0.8599365750528541,0.5932875264270613,42.30285412262157,3784.0,5.0,3793.0,3355.0,3254.0,3266.0,3004.0,1.06553911205074
1,8,1_8,1.0,0.887667161961367,0.5524517087667162,41.477563150074296,3365.0,5.0,3784.0,3793.0,3355.0,3254.0,3266.0,1.1364041604754829
1,9,1_9,1.0,0.8817204301075269,0.6358616681197327,39.62104039523394,3441.0,5.0,3365.0,3784.0,3793.0,3355.0,3254.0,1.1647776809067132
1,10,1_10,1.0,0.9242990654205607,0.6364485981308411,38.38006230529595,3210.0,5.0,3441.0,3365.0,3784.0,3793.0,3355.0,1.1735202492211838
1,11,1_11,1.0,0.8396254907882815,0.5572334642102084,39.344004832376925,3311.0,5.0,3210.0,3441.0,3365.0,3784.0,3793.0,1.155240108728481
1,12,1_12,1.0,0.8446052217678516,0.49040578798364265,40.12519660270525,3179.0,5.0,3311.0,3210.0,3441.0,3365.0,3784.0,1.1815036174897766
1,13,1_13,0.0,0.787777439951353,0.4688355123137732,39.1830343569474,3289.0,5.0,3179.0,3311.0,3210.0,3441.0,3365.0,1.1541501976284585
1,14,1_14,0.0,0.7777777777777778,0.49263351749539597,41.06077348066298,3258.0,5.0,3289.0,3179.0,3311.0,3210.0,3441.0,1.1789441375076735
1,15,1_15,0.0,0.813961038961039,0.47564935064935066,42.12077922077922,3080.0,5.0,3258.0,3289.0,3179.0,3311.0,3210.0,1.2094155844155845
1,16,1_16,0.0,0.8104359313077939,0.47357992073976224,42.09643328929987,3028.0,5.0,3080.0,3258.0,3289.0,3179.0,3311.0,1.1743725231175695
1,17,1_17,0.0,0.8183311432325887,0.44743758212877793,41.74375821287779,3044.0,5.0,3028.0,3080.0,3258.0,3289.0,3179.0,1.1346911957950065
1,18,1_18,0.0,0.8522691705790297,0.41251956181533644,42.923317683881066,3195.0,5.0,3044.0,3028.0,3080.0,3258.0,3289.0,1.2225352112676056
1,19,1_19,0.0,0.8657718120805369,0.3659177122847972,42.7362124306974,3427.0,5.0,3195.0,3044.0,3028.0,3080.0,3258.0,1.2206011088415525
1,20,1_20,0.0,0.7390715011860386,0.45374449339207046,39.30498136225008,2951.0,5.0,3427.0,3195.0,3044.0,3028.0,3080.0,1.074212131480854
1,21,1_21,1.0,0.6688741721854304,0.904635761589404,33.72185430463576,3020.0,5.0,2951.0,3427.0,3195.0,3044.0,3028.0,0.8344370860927153
1,22,1_22,1.0,0.734850815133805,0.6957859120270686,39.27868348200553,3251.0,5.0,3020.0,2951.0,3427.0,3195.0,3044.0,1.0347585358351277
1,23,1_23,1.0,0.6898189373701396,0.5660433363015732,40.43514395963194,3369.0,5.0,3251.0,3020.0,2951.0,3427.0,3195.0,1.1231819531018106
1,24,1_24,1.0,0.6654355186211142,0.5115420129270545,42.543244075100034,3249.0,5.0,3369.0,3251.0,3020.0,2951.0,3427.0,1.2028316405047708
1,25,1_25,0.0,0.6702800361336947,0.4598012646793135,42.674194519722974,3321.0,5.0,3249.0,3369.0,3251.0,3020.0,2951.0,1.1863896416741946
1,26,1_26,0.0,0.6129218344389963,0.3775598500144217,43.646091721949816,3467.0,5.0,3321.0,3249.0,3369.0,3251.0,3020.0,1.1990193250648975
1,27,1_27,1.0,0.6430834213305174,0.3619324181626188,41.801742344244985,3788.0,5.0,3467.0,3321.0,3249.0,3369.0,3251.0,1.0546462513199577
1,28,1_28,0.0,0.6512878573450326,0.40956694027738466,42.6863855080668,3533.0,5.0,3788.0,3467.0,3321.0,3249.0,3369.0,1.0942541749221624
1,29,1_29,0.0,0.6680384087791496,0.3377229080932785,43.79149519890261,3645.0,5.0,3533.0,3788.0,3467.0,3321.0,3249.0,1.1720164609053498
1,30,1_30,0.0,0.6414991852254209,0.3772406300923411,44.74932102118414,3682.0,5.0,3645.0,3533.0,3788.0,3467.0,3321.0,1.2039652362846278
1,31,1_31,0.0,0.6953444051184318,0.33052001089028044,44.43860604410563,3673.0,5.0,3682.0,3645.0,3533.0,3788.0,3467.0,1.1832289681459298
1,32,1_32,1.0,0.5241078725143012,0.5224734404794334,36.619722146554075,3671.0,5.0,3673.0,3682.0,3645.0,3533.0,3788.0,0.8967583764641787
1,33,1_33,1.0,0.5883152173913043,0.7574728260869565,35.971014492753625,4416.0,5.0,3671.0,3673.0,3682.0,3645.0,3533.0,0.8872282608695652
1,34,1_34,1.0,0.4766335814722911,0.7181555004135649,33.587882547559964,4836.0,5.0,4416.0,3671.0,3673.0,3682.0,3645.0,0.7363523573200993
1,35,1_35,1.0,0.42735849056603775,0.6732075471698113,32.72811320754717,5300.0,5.0,4836.0,4416.0,3671.0,3673.0,3682.0,0.6611320754716982
1,36,1_36,0.0,0.46166918429003023,0.6897658610271903,34.580438066465256,5296.0,5.0,5300.0,4836.0,4416.0,3671.0,3673.0,0.7411253776435045
1,37,1_37,1.0,0.528852251109702,0.5527372648488692,39.52610441767068,4731.0,5.0,5296.0,5300.0,4836.0,4416.0,3671.0,0.9217924328894526
1,38,1_38,1.0,0.5213393067672719,0.46333411931148316,40.442348502711624,4241.0,5.0,4731.0,5296.0,5300.0,4836.0,4416.0,0.9844376326338128
1,39,1_39,1.0,0.4260646687697161,0.48363564668769715,35.78351735015773,5072.0,5.0,4241.0,4731.0,5296.0,5300.0,4836.0,0.8215694006309149
1,40,1_40,1.0,0.4906832298136646,0.46303346022841113,38.54478060508916,4991.0,5.0,5072.0,4241.0,4731.0,5296.0,5300.0,0.9449008214786616
1,41,1_41,1.0,0.5142107564494972,0.44927853082641017,41.54022737210319,4574.0,5.0,4991.0,5072.0,4241.0,4731.0,5296.0,1.0279842588543944
1,42,1_42,1.0,0.5072463768115942,0.3608933238298883,42.34925160370634,4209.0,5.0,4574.0,4991.0,5072.0,4241.0,4731.0,1.0282727488714658
1,43,1_43,1.0,0.4885844748858447,0.37620497209538306,43.12557077625571,3942.0,5.0,4209.0,4574.0,4991.0,5072.0,4241.0,1.0438863521055302
1,44,1_44,1.0,0.4944877655283678,0.3514385587523528,43.63054584565744,3719.0,5.0,3942.0,4209.0,4574.0,4991.0,5072.0,1.0521645603656897
1,45,1_45,1.0,0.5145239376008607,0.35691231845078,44.06670252824099,3718.0,5.0,3719.0,3942.0,4209.0,4574.0,4991.0,1.0731576116191501
1,46,1_46,1.0,0.5007064142413111,0.3252331166996327,45.06018649335971,3539.0,5.0,3718.0,3719.0,3942.0,4209.0,4574.0,1.1212206838089855
1,47,1_47,1.0,0.49126760563380284,0.32591549295774647,45.095211267605634,3550.0,5.0,3539.0,3718.0,3719.0,3942.0,4209.0,1.0749295774647887
1,48,1_48,1.0,0.48905109489051096,0.38277372262773723,45.71124087591241,3425.0,5.0,3550.0,3539.0,3718.0,3719.0,3942.0,1.0843795620437957
1,49,1_49,1.0,0.48330241187384043,0.32807668521954236,44.862708719851575,3234.0,5.0,3425.0,3550.0,3539.0,3718.0,3719.0,1.0701917130488559
1,50,1_50,0.0,0.5108887580929958,0.2863449087698646,45.734549735138316,3398.0,5.0,3234.0,3425.0,3550.0,3539.0,3718.0,1.088875809299588
1,51,1_51,0.0,0.49632028260229616,0.26435089785104504,45.55637327053282,3397.0,5.0,3398.0,3234.0,3425.0,3550.0,3539.0,1.1080365027965853
1,52,1_52,0.0,0.48759541984732824,0.30025445292620867,45.777671755725194,3144.0,5.0,3397.0,3398.0,3234.0,3425.0,3550.0,1.1284987277353689
1,53,1_53,0.0,0.5003119151590767,0.28820960698689957,45.648471615720524,3206.0,5.0,3144.0,3397.0,3398.0,3234.0,3425.0,1.0667498440424206
1,54,1_54,0.0,0.4716740929344367,0.28580521960534694,45.669318905155954,3142.0,5.0,3206.0,3144.0,3397.0,3398.0,3234.0,1.1148949713558243
1,55,1_55,0.0,0.5364698452794443,0.2750236817177139,47.13988001263025,3167.0,5.0,3142.0,3206.0,3144.0,3397.0,3398.0,1.119671613514367
1,56,1_56,1.0,0.5039804041641152,0.2948560930802204,45.30342927127985,3266.0,5.0,3167.0,3142.0,3206.0,3144.0,3397.0,1.1635027556644213
1,57,1_57,1.0,0.5181136789506559,0.31043098063710184,45.39194253591506,3202.0,5.0,3266.0,3167.0,3142.0,3206.0,3144.0,1.1486570893191754
1,58,1_58,1.0,0.5440638510143,0.30894579314931825,46.69271699368141,3007.0,5.0,3202.0,3266.0,3167.0,3142.0,3206.0,1.0961090788160959
1,59,1_59,1.0,0.583128295254833,0.28646748681898065,47.52829525483304,2845.0,5.0,3007.0,3202.0,3266.0,3167.0,3142.0,1.1546572934973638
1,60,1_60,1.0,0.5625,0.3081647398843931,47.8117774566474,2768.0,5.0,2845.0,3007.0,3202.0,3266.0,3167.0,1.1517341040462428
1,61,1_61,1.0,0.571780436312456,0.3342716396903589,48.27832512315271,2842.0,5.0,2768.0,2845.0,3007.0,3202.0,3266.0,1.155524278676988
1,62,1_62,0.0,0.5368162692847125,0.33835904628331,47.75561009817672,2852.0,5.0,2842.0,2768.0,2845.0,3007.0,3202.0,1.1521739130434783
1,63,1_63,0.0,0.5305131761442441,0.29542302357836336,47.58911234396671,2884.0,5.0,2852.0,2842.0,2768.0,2845.0,3007.0,1.1390429958391124
1,64,1_64,1.0,0.580309019044197,0.3241106719367589,48.051383399209485,2783.0,5.0,2884.0,2852.0,2842.0,2768.0,2845.0,1.1688825008983112
1,65,1_65,0.0,0.6007366482504604,0.29355432780847146,46.98931860036832,2715.0,5.0,2783.0,2884.0,2852.0,2842.0,2768.0,1.1038674033149172
1,66,1_66,1.0,0.5956204379562043,0.34087591240875914,47.54890510948905,2740.0,5.0,2715.0,2783.0,2884.0,2852.0,2842.0,1.1635036496350364
1,67,1_67,0.0,0.573170731707317,0.3392461197339246,47.76348854397635,2706.0,5.0,2740.0,2715.0,2783.0,2884.0,2852.0,1.187730968218773
1,68,1_68,0.0,0.5451541850220264,0.342143906020558,48.44530102790015,2724.0,5.0,2706.0,2740.0,2715.0,2783.0,2884.0,1.1894273127753303
1,69,1_69,1.0,0.5491391678622669,0.3385939741750359,48.04555236728838,2788.0,5.0,2724.0,2706.0,2740.0,2715.0,2783.0,1.129842180774749
1,70,1_70,0.0,0.5617021276595745,0.31631205673758866,48.42127659574468,2820.0,5.0,2788.0,2724.0,2706.0,2740.0,2715.0,1.147872340425532
1,71,1_71,1.0,0.5812479145812479,0.3239906573239907,46.95362028695362,2997.0,5.0,2820.0,2788.0,2724.0,2706.0,2740.0,1.172172172172172
1,72,1_72,1.0,0.5515873015873016,0.3306878306878307,47.24007936507937,3024.0,5.0,2997.0,2820.0,2788.0,2724.0,2706.0,1.166005291005291
1,73,1_73,0.0,0.5802120141342756,0.3003533568904594,46.60636042402827,2830.0,5.0,3024.0,2997.0,2820.0,2788.0,2724.0,1.157243816254417
1,74,1_74,1.0,0.5609243697478992,0.3018207282913165,46.587885154061624,2856.0,5.0,2830.0,3024.0,2997.0,2820.0,2788.0,1.084733893557423
1,75,1_75,0.0,0.5352781546811397,0.2747625508819539,47.28154681139756,2948.0,5.0,2856.0,2830.0,3024.0,2997.0,2820.0,1.1383989145183175
1,76,1_76,0.0,0.5531482735274205,0.31685849695328366,46.81651997291808,2954.0,5.0,2948.0,2856.0,2830.0,3024.0,2997.0,1.0951252538930265
1,77,1_77,0.0,0.5310924369747899,0.2510924369747899,45.29008403361345,2975.0,5.0,2954.0,2948.0,2856.0,2830.0,3024.0,1.077983193277311
1,78,1_78,0.0,0.436500754147813,0.2742081447963801,42.66787330316742,3315.0,5.0,2975.0,2954.0,2948.0,2856.0,2830.0,1.052187028657617
1,79,1_79,1.0,0.47008774262164316,0.3182664185057166,40.75352299920234,3761.0,5.0,3315.0,2975.0,2954.0,2948.0,2856.0,0.9837809093326243
1,80,1_80,0.0,0.5323741007194245,0.2637889688249401,44.579736211031175,3336.0,5.0,3761.0,3315.0,2975.0,2954.0,2948.0,1.0536570743405276
1,81,1_81,0.0,0.5850949480472949,0.2755284844141885,46.7778573987818,2791.0,5.0,3336.0,3761.0,3315.0,2975.0,2954.0,1.1336438552490147
1,82,1_82,1.0,0.5543562066306862,0.30686198920585966,47.668080185042406,2594.0,5.0,2791.0,3336.0,3761.0,3315.0,2975.0,1.1376252891287586
1,83,1_83,0.0,0.5510516252390057,0.30554493307839387,47.391204588910135,2615.0,5.0,2594.0,2791.0,3336.0,3761.0,3315.0,1.1330783938814533
1,84,1_84,0.0,0.6232849862798903,0.2818502548020384,47.22069776558212,2551.0,5.0,2615.0,2594.0,2791.0,3336.0,3761.0,1.0921207369658956
1,85,1_85,0.0,0.5881006864988558,0.3154080854309687,46.24027459954233,2622.0,5.0,2551.0,2615.0,2594.0,2791.0,3336.0,1.0697940503432495
1,86,1_86,0.0,0.5811437403400309,0.26236476043276663,46.67812982998454,2588.0,5.0,2622.0,2551.0,2615.0,2594.0,2791.0,1.0942812982998456
1,87,1_87,0.0,0.575,0.3025735294117647,46.5735294117647,2720.0,5.0,2588.0,2622.0,2551.0,2615.0,2594.0,1.0716911764705883
1,88,1_88,0.0,0.5582561728395061,0.2638888888888889,46.63850308641975,2592.0,5.0,2720.0,2588.0,2622.0,2551.0,2615.0,1.0258487654320987
1,89,1_89,0.0,0.545916373583431,0.26885502149277063,47.186010160218835,2559.0,5.0,2592.0,2720.0,2588.0,2622.0,2551.0,1.0765924189136382
1,90,1_90,0.0,0.5714285714285714,0.30273051048674315,47.89750692520776,2527.0,5.0,2559.0,2592.0,2720.0,2588.0,2622.0,1.074792243767313
1,91,1_91,0.0,0.5486906710310966,0.2684124386252046,47.74427168576105,2444.0,5.0,2527.0,2559.0,2592.0,2720.0,2588.0,1.0949263502454991
1,92,1_92,0.0,0.6077891424075531,0.26239181746656176,48.17741935483871,2542.0,5.0,2444.0,2527.0,2559.0,2592.0,2720.0,1.061369000786782
1,93,1_93,0.0,0.5530571992110453,0.2591715976331361,46.6930966469428,2535.0,5.0,2542.0,2444.0,2527.0,2559.0,2592.0,1.0552268244575937
1,94,1_94,0.0,0.5696670776818742,0.28812166050143856,47.87422934648582,2433.0,5.0,2535.0,2542.0,2444.0,2527.0,2559.0,1.0875462392108508
1,95,1_95,1.0,0.5285451197053407,0.44137507673419274,35.7719459791283,3258.0,5.0,2433.0,2535.0,2542.0,2444.0,2527.0,0.7998772252915899
1,96,1_96,1.0,0.6150876150876151,0.35550935550935553,40.63290763290763,3367.0,5.0,3258.0,2433.0,2535.0,2542.0,2444.0,0.9483219483219483
1,97,1_97,1.0,0.6383386581469649,0.33386581469648563,43.62779552715655,3130.0,5.0,3367.0,3258.0,2433.0,2535.0,2542.0,0.9990415335463259
1,98,1_98,1.0,0.5809554344341135,0.3186918884257775,45.77749278614941,3119.0,5.0,3130.0,3367.0,3258.0,2433.0,2535.0,0.9894196857967297
1,99,1_99,1.0,0.5998672859986729,0.28865295288652953,46.48739216987392,3014.0,5.0,3119.0,3130.0,3367.0,3258.0,2433.0,1.010948905109489
1,100,1_100,1.0,0.616214335421016,0.29575504523312457,47.68719554627697,2874.0,5.0,3014.0,3119.0,3130.0,3367.0,3258.0,1.068893528183716
1,101,1_101,1.0,0.5697115384615384,0.2819368131868132,46.96806318681319,2912.0,5.0,2874.0,3014.0,3119.0,3130.0,3367.0,1.0487637362637363
1,102,1_102,0.0,0.6166306695464363,0.3077753779697624,47.62706983441325,2778.0,5.0,2912.0,2874.0,3014.0,3119.0,3130.0,1.0651547876169907
1,103,1_103,0.0,0.5927216415021294,0.31862175764614786,47.915214866434376,2583.0,5.0,2778.0,2912.0,2874.0,3014.0,3119.0,1.0731707317073171
1,104,1_104,1.0,0.5738795518207283,0.3448879551820728,45.61204481792717,2856.0,5.0,2583.0,2778.0,2912.0,2874.0,3014.0,0.9544817927170869
1,105,1_105,1.0,0.5330067044868488,0.5206291903042806,35.789324394017534,3878.0,5.0,2856.0,2583.0,2778.0,2912.0,2874.0,0.7527075812274369
1,106,1_106,1.0,0.5775012960082945,0.39942975635044065,41.053913945049246,3858.0,5.0,3878.0,2856.0,2583.0,2778.0,2912.0,0.9232763089683774
1,107,1_107,1.0,0.5685279187817259,0.3838127467569092,43.87366046249295,3546.0,5.0,3858.0,3878.0,2856.0,2583.0,2778.0,0.9788494077834179
1,108,1_108,1.0,0.5698198198198198,0.330518018018018,44.56841216216216,3552.0,5.0,3546.0,3858.0,3878.0,2856.0,2583.0,1.0121058558558558
1,109,1_109,1.0,0.5555891238670695,0.2903323262839879,45.686706948640484,3310.0,5.0,3552.0,3546.0,3858.0,3878.0,2856.0,1.0241691842900302
1,110,1_110,1.0,0.578494623655914,0.35360983102918586,46.7689708141321,3255.0,5.0,3310.0,3552.0,3546.0,3858.0,3878.0,1.081720430107527
1,111,1_111,1.0,0.5428949983438225,0.3024180192116595,46.431599867505795,3019.0,5.0,3255.0,3310.0,3552.0,3546.0,3858.0,1.0741967538920172
1,112,1_112,1.0,0.5497849818061529,0.3208733046642408,46.316242143565994,3023.0,5.0,3019.0,3255.0,3310.0,3552.0,3546.0,1.098908369169699
1,113,1_113,0.0,0.55824102047667,0.3108425646189997,46.83215844243035,2979.0,5.0,3023.0,3019.0,3255.0,3310.0,3552.0,1.0963410540449816
1,114,1_114,0.0,0.5469131496337635,0.2940355772584583,46.10742936867806,2867.0,5.0,2979.0,3023.0,3019.0,3255.0,3310.0,1.0662713637949075
1,115,1_115,1.0,0.5785536159600998,0.33024581403633774,46.34093338083363,2807.0,5.0,2867.0,2979.0,3023.0,3019.0,3255.0,1.097613110081938
1,116,1_116,1.0,0.4173455978975033,0.47122207621550594,36.87227332457293,3805.0,5.0,2807.0,2867.0,2979.0,3023.0,3019.0,0.9363994743758213
1,117,1_117,1.0,0.569033272203301,0.4589992140424417,39.27115535761069,3817.0,5.0,3805.0,2807.0,2867.0,2979.0,3023.0,1.0497773120251506
1,118,1_118,1.0,0.6001778304682869,0.4051570835803201,40.30764671013634,3374.0,5.0,3817.0,3805.0,2807.0,2867.0,2979.0,1.072317723770006
1,119,1_119,1.0,0.6133557800224467,0.484006734006734,41.90263748597082,3564.0,5.0,3374.0,3817.0,3805.0,2807.0,2867.0,1.0780022446689113
1,120,1_120,1.0,0.6827794561933535,0.4389728096676737,45.00332326283988,3310.0,5.0,3564.0,3374.0,3817.0,3805.0,2807.0,1.1036253776435045
1,121,1_121,1.0,0.6431445372949551,0.3967811822965026,45.82915506035283,3231.0,5.0,3310.0,3564.0,3374.0,3817.0,3805.0,1.1157536366450016
1,122,1_122,0.0,0.6399465597862392,0.41249164996659987,46.287575150300604,2994.0,5.0,3231.0,3310.0,3564.0,3374.0,3817.0,1.097194388777555
1,123,1_123,1.0,0.6671204901293397,0.37712729748127977,47.30633083730429,2938.0,5.0,2994.0,3231.0,3310.0,3564.0,3374.0,1.0888359428182437
1,124,1_124,0.0,0.6483475677682882,0.35425176383215745,47.9680653546231,2693.0,5.0,2938.0,2994.0,3231.0,3310.0,3564.0,1.0965466023022652
1,125,1_125,1.0,0.6531000380372766,0.3674400912894637,48.75161658425257,2629.0,5.0,2693.0,2938.0,2994.0,3231.0,3310.0,1.1179155572461013
1,126,1_126,0.0,0.6434681181959565,0.36236391912908245,47.61547433903577,2572.0,5.0,2629.0,2693.0,2938.0,2994.0,3231.0,1.0602643856920684
1,127,1_127,1.0,0.6356651839870603,0.33400727860897694,48.374443995147594,2473.0,5.0,2572.0,2629.0,2693.0,2938.0,2994.0,1.0638900121310149
1,128,1_128,0.0,0.689372178908494,0.3894132129667624,49.775543701272056,2437.0,5.0,2473.0,2572.0,2629.0,2693.0,2938.0,1.141977841608535
1,129,1_129,0.0,0.6706219312602292,0.3760229132569558,49.25409165302782,2444.0,5.0,2437.0,2473.0,2572.0,2629.0,2693.0,1.1092471358428806
2,0,2_0,0.0,3.5060240963855422,0.42168674698795183,55.3855421686747,83.0,15.0,0.0,0.0,0.0,0.0,0.0,1.1927710843373494
2,1,2_1,0.0,3.011627906976744,0.38372093023255816,49.06976744186046,86.0,15.0,83.0,0.0,0.0,0.0,0.0,1.1162790697674418
2,2,2_2,1.0,3.0535714285714284,0.32142857142857145,43.357142857142854,112.0,15.0,86.0,83.0,0.0,0.0,0.0,1.0625
2,3,2_3,0.0,2.8813559322033897,0.6864406779661016,50.47457627118644,118.0,15.0,112.0,86.0,83.0,0.0,0.0,1.0847457627118644
2,4,2_4,0.0,2.911290322580645,0.45161290322580644,47.11290322580645,124.0,15.0,118.0,112.0,86.0,83.0,0.0,1.185483870967742
2,5,2_5,0.0,3.114503816793893,0.5343511450381679,52.221374045801525,131.0,15.0,124.0,118.0,112.0,86.0,83.0,1.702290076335878
2,6,2_6,0.0,3.4496644295302015,0.5033557046979866,54.79194630872483,149.0,15.0,131.0,124.0,118.0,112.0,86.0,1.5436241610738255
2,7,2_7,0.0,3.0357142857142856,0.34285714285714286,50.09285714285714,140.0,15.0,149.0,131.0,124.0,118.0,112.0,1.45
2,8,2_8,0.0,2.9235668789808917,0.4585987261146497,45.28662420382165,157.0,15.0,140.0,149.0,131.0,124.0,118.0,1.127388535031847
2,9,2_9,0.0,3.1265060240963853,0.536144578313253,49.68072289156626,166.0,15.0,157.0,140.0,149.0,131.0,124.0,1.5120481927710843
2,10,2_10,1.0,3.3079710144927534,0.532608695652174,45.05434782608695,276.0,15.0,166.0,157.0,140.0,149.0,131.0,1.1195652173913044
2,11,2_11,0.0,3.1458333333333335,0.4895833333333333,44.541666666666664,192.0,15.0,276.0,166.0,157.0,140.0,149.0,1.203125
2,12,2_12,1.0,3.43609022556391,0.40601503759398494,44.62406015037594,133.0,15.0,192.0,276.0,166.0,157.0,140.0,1.1879699248120301
2,13,2_13,0.0,3.026666666666667,0.2866666666666667,47.093333333333334,150.0,15.0,133.0,192.0,276.0,166.0,157.0,1.1933333333333334
2,14,2_14,0.0,2.745222929936306,0.3375796178343949,41.210191082802545,157.0,15.0,150.0,133.0,192.0,276.0,166.0,1.2292993630573248
2,15,2_15,0.0,2.9791666666666665,0.3611111111111111,46.333333333333336,144.0,15.0,157.0,150.0,133.0,192.0,276.0,1.2361111111111112
2,16,2_16,1.0,2.746268656716418,0.417910447761194,44.507462686567166,134.0,15.0,144.0,157.0,150.0,133.0,192.0,1.2313432835820894
2,17,2_17,1.0,2.941747572815534,0.23300970873786409,48.14563106796116,103.0,15.0,134.0,144.0,157.0,150.0,133.0,1.4174757281553398
2,18,2_18,0.0,2.9655172413793105,0.3879310344827586,47.439655172413794,116.0,15.0,103.0,134.0,144.0,157.0,150.0,1.1206896551724137
2,19,2_19,1.0,2.857142857142857,0.38095238095238093,50.48412698412698,126.0,15.0,116.0,103.0,134.0,144.0,157.0,1.4682539682539681
2,20,2_20,0.0,3.0210526315789474,0.4105263157894737,48.38947368421053,95.0,15.0,126.0,116.0,103.0,134.0,144.0,1.2105263157894737
2,21,2_21,0.0,2.827956989247312,0.5806451612903226,47.86021505376344,93.0,15.0,95.0,126.0,116.0,103.0,134.0,1.0
2,22,2_22,0.0,2.8375,0.3875,48.0,80.0,15.0,93.0,95.0,126.0,116.0,103.0,1.125
2,23,2_23,1.0,2.85,0.325,49.7,80.0,15.0,80.0,93.0,95.0,126.0,116.0,1.3125
2,24,2_24,0.0,2.8241758241758244,0.25274725274725274,50.27472527472528,91.0,15.0,80.0,80.0,93.0,95.0,126.0,1.1758241758241759
2,25,2_25,0.0,3.14,0.19,55.87,100.0,15.0,91.0,80.0,80.0,93.0,95.0,1.32
2,26,2_26,0.0,2.888888888888889,0.42424242424242425,47.76767676767677,99.0,15.0,100.0,91.0,80.0,80.0,93.0,1.1818181818181819
2,27,2_27,1.0,2.8974358974358974,0.23076923076923078,49.294871794871796,78.0,15.0,99.0,100.0,91.0,80.0,80.0,1.5256410256410255
2,28,2_28,0.0,2.8354430379746836,0.35443037974683544,52.037974683544306,79.0,15.0,78.0,99.0,100.0,91.0,80.0,1.3164556962025316
2,29,2_29,0.0,2.6847826086956523,0.3695652173913043,52.44565217391305,92.0,15.0,79.0,78.0,99.0,100.0,91.0,1.173913043478261
2,30,2_30,0.0,2.8118811881188117,0.32673267326732675,57.91089108910891,101.0,15.0,92.0,79.0,78.0,99.0,100.0,1.0792079207920793
2,31,2_31,1.0,2.7560975609756095,0.4024390243902439,53.40243902439025,82.0,15.0,101.0,92.0,79.0,78.0,99.0,1.0975609756097562
2,32,2_32,0.0,2.6823529411764704,0.3058823529411765,50.8,85.0,15.0,82.0,101.0,92.0,79.0,78.0,1.0470588235294118
2,33,2_33,0.0,2.26890756302521,0.3865546218487395,47.739495798319325,119.0,15.0,85.0,82.0,101.0,92.0,79.0,1.184873949579832
2,34,2_34,0.0,2.5462962962962963,0.2222222222222222,52.52777777777778,108.0,15.0,119.0,85.0,82.0,101.0,92.0,1.1851851851851851
2,35,2_35,0.0,2.5643564356435644,0.3465346534653465,50.10891089108911,101.0,15.0,108.0,119.0,85.0,82.0,101.0,1.2574257425742574
2,36,2_36,0.0,2.4634146341463414,0.21951219512195122,47.951219512195124,82.0,15.0,101.0,108.0,119.0,85.0,82.0,1.146341463414634
2,37,2_37,0.0,2.8068181818181817,0.3522727272727273,52.17045454545455,88.0,15.0,82.0,101.0,108.0,119.0,85.0,1.3068181818181819
2,38,2_38,0.0,2.6103896103896105,0.18181818181818182,46.96103896103896,77.0,15.0,88.0,82.0,101.0,108.0,119.0,1.4675324675324675
2,39,2_39,0.0,2.859375,0.234375,51.078125,64.0,15.0,77.0,88.0,82.0,101.0,108.0,1.09375
2,40,2_40,0.0,3.2705882352941176,0.16470588235294117,51.23529411764706,85.0,15.0,64.0,77.0,88.0,82.0,101.0,1.5176470588235293
2,41,2_41,0.0,2.704225352112676,0.09859154929577464,48.690140845070424,71.0,15.0,85.0,64.0,77.0,88.0,82.0,1.2394366197183098
2,42,2_42,0.0,3.259259259259259,0.14814814814814814,58.111111111111114,81.0,15.0,71.0,85.0,64.0,77.0,88.0,1.2592592592592593
2,43,2_43,0.0,2.7560975609756095,0.2073170731707317,54.1219512195122,82.0,15.0,81.0,71.0,85.0,64.0,77.0,1.3902439024390243
2,44,2_44,0.0,2.6458333333333335,0.23958333333333334,51.729166666666664,96.0,15.0,82.0,81.0,71.0,85.0,64.0,0.9895833333333334
2,45,2_45,1.0,3.013157894736842,0.4342105263157895,55.25,76.0,15.0,96.0,82.0,81.0,71.0,85.0,1.486842105263158
2,46,2_46,1.0,1.9617706237424548,0.7645875251509054,41.903420523138834,497.0,15.0,76.0,96.0,82.0,81.0,71.0,1.1046277665995976
2,47,2_47,1.0,2.008833922261484,0.6713780918727915,44.91519434628975,566.0,15.0,497.0,76.0,96.0,82.0,81.0,1.137809187279152
2,48,2_48,1.0,2.0207253886010363,0.6373056994818653,48.240932642487046,386.0,15.0,566.0,497.0,76.0,96.0,82.0,1.194300518134715
2,49,2_49,1.0,2.2190812720848054,0.5406360424028268,49.87279151943463,283.0,15.0,386.0,566.0,497.0,76.0,96.0,1.1660777385159011
2,50,2_50,1.0,2.394904458598726,0.46496815286624205,54.605095541401276,157.0,15.0,283.0,386.0,566.0,497.0,76.0,1.3439490445859872
2,51,2_51,1.0,2.466666666666667,0.2962962962962963,52.08888888888889,135.0,15.0,157.0,283.0,386.0,566.0,497.0,1.3333333333333333
2,52,2_52,1.0,2.7388059701492535,0.27611940298507465,52.67164179104478,134.0,15.0,135.0,157.0,283.0,386.0,566.0,1.2611940298507462
2,53,2_53,1.0,2.713235294117647,0.4117647058823529,53.11029411764706,136.0,15.0,134.0,135.0,157.0,283.0,386.0,1.088235294117647
2,54,2_54,1.0,2.4193548387096775,0.6129032258064516,52.33870967741935,124.0,15.0,136.0,134.0,135.0,157.0,283.0,1.3790322580645162
2,55,2_55,1.0,2.4482758620689653,0.2620689655172414,48.02758620689655,145.0,15.0,124.0,136.0,134.0,135.0,157.0,1.110344827586207
2,56,2_56,1.0,2.8859060402684564,0.18791946308724833,46.711409395973156,149.0,15.0,145.0,124.0,136.0,134.0,135.0,1.2953020134228188
2,57,2_57,1.0,3.2276119402985075,0.2462686567164179,44.190298507462686,268.0,15.0,149.0,145.0,124.0,136.0,134.0,1.4104477611940298
2,58,2_58,1.0,3.1095890410958904,0.2968036529680365,51.178082191780824,219.0,15.0,268.0,149.0,145.0,124.0,136.0,1.5342465753424657
2,59,2_59,1.0,3.00561797752809,0.2808988764044944,51.51123595505618,178.0,15.0,219.0,268.0,149.0,145.0,124.0,1.4438202247191012
2,60,2_60,1.0,3.424,0.272,55.992,125.0,15.0,178.0,219.0,268.0,149.0,145.0,1.576
2,61,2_61,1.0,2.843283582089552,0.29850746268656714,53.82089552238806,134.0,15.0,125.0,178.0,219.0,268.0,149.0,1.507462686567164
2,62,2_62,1.0,2.8055555555555554,0.3333333333333333,51.083333333333336,108.0,15.0,134.0,125.0,178.0,219.0,268.0,1.4074074074074074
2,63,2_63,0.0,2.6288659793814433,0.21649484536082475,56.4639175257732,97.0,15.0,108.0,134.0,125.0,178.0,219.0,1.6701030927835052
2,64,2_64,1.0,2.5753424657534247,0.2465753424657534,54.28767123287671,73.0,15.0,97.0,108.0,134.0,125.0,178.0,1.5205479452054795
2,65,2_65,1.0,2.3055555555555554,0.5138888888888888,54.90277777777778,72.0,15.0,73.0,97.0,108.0,134.0,125.0,1.3194444444444444
2,66,2_66,0.0,2.5,0.2236842105263158,53.19736842105263,76.0,15.0,72.0,73.0,97.0,108.0,134.0,1.236842105263158
2,67,2_67,0.0,2.462962962962963,0.2962962962962963,55.333333333333336,54.0,15.0,76.0,72.0,73.0,97.0,108.0,1.2777777777777777
2,68,2_68,1.0,2.6470588235294117,0.27941176470588236,52.279411764705884,68.0,15.0,54.0,76.0,72.0,73.0,97.0,1.3823529411764706
2,69,2_69,0.0,2.6507936507936507,0.42857142857142855,59.20634920634921,63.0,15.0,68.0,54.0,76.0,72.0,73.0,1.4761904761904763
2,70,2_70,1.0,2.610169491525424,0.2033898305084746,53.83050847457627,59.0,15.0,63.0,68.0,54.0,76.0,72.0,1.4406779661016949
2,71,2_71,1.0,3.0357142857142856,0.35714285714285715,59.392857142857146,56.0,15.0,59.0,63.0,68.0,54.0,76.0,1.5
2,72,2_72,1.0,2.802469135802469,0.30864197530864196,50.67901234567901,81.0,15.0,56.0,59.0,63.0,68.0,54.0,1.5432098765432098
2,73,2_73,1.0,3.0,0.4796747967479675,49.26829268292683,123.0,15.0,81.0,56.0,59.0,63.0,68.0,1.3821138211382114
2,74,2_74,1.0,3.0121951219512195,0.3170731707317073,43.97560975609756,82.0,15.0,123.0,81.0,56.0,59.0,63.0,1.1951219512195121
2,75,2_75,1.0,2.9285714285714284,0.3,50.1,70.0,15.0,82.0,123.0,81.0,56.0,59.0,1.4285714285714286
2,76,2_76,0.0,3.316666666666667,0.2833333333333333,53.016666666666666,60.0,15.0,70.0,82.0,123.0,81.0,56.0,1.4666666666666666
2,77,2_77,1.0,2.6333333333333333,0.43333333333333335,49.8,60.0,15.0,60.0,70.0,82.0,123.0,81.0,1.2666666666666666
2,78,2_78,1.0,2.617021276595745,0.6382978723404256,53.723404255319146,47.0,15.0,60.0,60.0,70.0,82.0,123.0,1.2765957446808511
2,79,2_79,0.0,2.9361702127659575,0.23404255319148937,54.53191489361702,47.0,15.0,47.0,60.0,60.0,70.0,82.0,1.425531914893617
2,80,2_80,0.0,2.7804878048780486,0.4146341463414634,48.02439024390244,41.0,15.0,47.0,47.0,60.0,60.0,70.0,1.3902439024390243
2,81,2_81,0.0,2.7857142857142856,0.2857142857142857,57.30952380952381,42.0,15.0,41.0,47.0,47.0,60.0,60.0,1.619047619047619
2,82,2_82,0.0,2.80327868852459,0.45901639344262296,50.67213114754098,61.0,15.0,42.0,41.0,47.0,47.0,60.0,1.3934426229508197
2,83,2_83,0.0,2.375,0.30357142857142855,47.339285714285715,56.0,15.0,61.0,42.0,41.0,47.0,47.0,1.1964285714285714
2,84,2_84,1.0,1.8583333333333334,0.38333333333333336,46.858333333333334,120.0,15.0,56.0,61.0,42.0,41.0,47.0,0.9916666666666667
2,85,2_85,1.0,1.934640522875817,0.477124183006536,54.169934640522875,153.0,15.0,120.0,56.0,61.0,42.0,41.0,1.1699346405228759
2,86,2_86,1.0,2.1185185185185187,0.28888888888888886,49.7037037037037,135.0,15.0,153.0,120.0,56.0,61.0,42.0,1.0888888888888888
2,87,2_87,1.0,2.15,0.31,56.22,100.0,15.0,135.0,153.0,120.0,56.0,61.0,1.22
2,88,2_88,1.0,2.05,0.22,53.03,100.0,15.0,100.0,135.0,153.0,120.0,56.0,1.22
2,89,2_89,1.0,2.088495575221239,0.2920353982300885,51.663716814159294,113.0,15.0,100.0,100.0,135.0,153.0,120.0,1.0707964601769913
2,90,2_90,1.0,1.7741935483870968,0.12096774193548387,55.45161290322581,124.0,15.0,113.0,100.0,100.0,135.0,153.0,1.0725806451612903
2,91,2_91,1.0,1.7450980392156863,0.19607843137254902,54.1078431372549,102.0,15.0,124.0,113.0,100.0,100.0,135.0,1.0
2,92,2_92,1.0,1.7286821705426356,0.24031007751937986,54.263565891472865,129.0,15.0,102.0,124.0,113.0,100.0,100.0,1.2868217054263567
2,93,2_93,1.0,1.877906976744186,0.19186046511627908,57.91860465116279,172.0,15.0,129.0,102.0,124.0,113.0,100.0,1.4651162790697674
2,94,2_94,0.0,1.8153846153846154,0.19230769230769232,57.49230769230769,130.0,15.0,172.0,129.0,102.0,124.0,113.0,1.4846153846153847
2,95,2_95,1.0,1.9017857142857142,0.38392857142857145,58.482142857142854,112.0,15.0,130.0,172.0,129.0,102.0,124.0,1.4196428571428572
2,96,2_96,1.0,2.06,0.3466666666666667,54.56,150.0,15.0,112.0,130.0,172.0,129.0,102.0,1.3733333333333333
2,97,2_97,1.0,1.853909465020576,0.9176954732510288,41.31687242798354,486.0,15.0,150.0,112.0,130.0,172.0,129.0,1.0699588477366255
2,98,2_98,1.0,2.2016632016632016,0.683991683991684,47.88981288981289,481.0,15.0,486.0,150.0,112.0,130.0,172.0,1.1787941787941787
2,99,2_99,1.0,2.2,0.5837837837837838,50.08378378378379,370.0,15.0,481.0,486.0,150.0,112.0,130.0,1.227027027027027
2,100,2_100,1.0,2.037037037037037,0.42592592592592593,49.97037037037037,270.0,15.0,370.0,481.0,486.0,150.0,112.0,1.2777777777777777
2,101,2_101,1.0,2.35678391959799,0.5025125628140703,52.175879396984925,199.0,15.0,270.0,370.0,481.0,486.0,150.0,1.2964824120603016
2,102,2_102,1.0,2.312925170068027,0.48299319727891155,56.01360544217687,147.0,15.0,199.0,270.0,370.0,481.0,486.0,1.4285714285714286
2,103,2_103,1.0,2.2522522522522523,0.5045045045045045,54.63963963963964,111.0,15.0,147.0,199.0,270.0,370.0,481.0,1.4234234234234233
2,104,2_104,1.0,2.3069306930693068,0.44554455445544555,52.92079207920792,101.0,15.0,111.0,147.0,199.0,270.0,370.0,1.4455445544554455
2,105,2_105,1.0,2.125,0.40384615384615385,48.18269230769231,104.0,15.0,101.0,111.0,147.0,199.0,270.0,1.0384615384615385
2,106,2_106,1.0,2.769230769230769,0.46153846153846156,50.24038461538461,104.0,15.0,104.0,101.0,111.0,147.0,199.0,1.3846153846153846
2,107,2_107,1.0,2.5730337078651684,0.2696629213483146,54.82022471910113,89.0,15.0,104.0,104.0,101.0,111.0,147.0,1.5730337078651686
2,108,2_108,1.0,2.4862385321100917,0.4036697247706422,52.403669724770644,109.0,15.0,89.0,104.0,104.0,101.0,111.0,1.4495412844036697
2,109,2_109,1.0,2.3009708737864076,0.5048543689320388,52.12621359223301,103.0,15.0,109.0,89.0,104.0,104.0,101.0,1.5048543689320388
2,110,2_110,1.0,2.0360169491525424,0.6822033898305084,40.557203389830505,472.0,15.0,103.0,109.0,89.0,104.0,104.0,1.1546610169491525
2,111,2_111,1.0,2.031311154598826,0.5772994129158513,43.037181996086105,511.0,15.0,472.0,103.0,109.0,89.0,104.0,1.178082191780822
2,112,2_112,1.0,2.0722543352601157,0.5028901734104047,46.56936416184971,346.0,15.0,511.0,472.0,103.0,109.0,89.0,1.3150289017341041
2,113,2_113,1.0,2.295918367346939,0.40816326530612246,50.197278911564624,294.0,15.0,346.0,511.0,472.0,103.0,109.0,1.2789115646258504
2,114,2_114,1.0,2.1129032258064515,0.4314516129032258,51.943548387096776,248.0,15.0,294.0,346.0,511.0,472.0,103.0,1.310483870967742
2,115,2_115,0.0,2.248868778280543,0.3936651583710407,51.171945701357465,221.0,15.0,248.0,294.0,346.0,511.0,472.0,1.2171945701357465
2,116,2_116,0.0,2.248618784530387,0.27624309392265195,50.14364640883978,181.0,15.0,221.0,248.0,294.0,346.0,511.0,1.298342541436464
2,117,2_117,1.0,2.0759493670886076,0.43670886075949367,51.22784810126582,158.0,15.0,181.0,221.0,248.0,294.0,346.0,1.2278481012658229
2,118,2_118,1.0,2.1390728476821192,0.24503311258278146,50.384105960264904,151.0,15.0,158.0,181.0,221.0,248.0,294.0,1.4370860927152318
2,119,2_119,0.0,2.1526717557251906,0.4961832061068702,52.44274809160305,131.0,15.0,151.0,158.0,181.0,221.0,248.0,1.5038167938931297
2,120,2_120,0.0,2.3776223776223775,0.25874125874125875,51.87412587412587,143.0,15.0,131.0,151.0,158.0,181.0,221.0,1.1888111888111887
2,121,2_121,1.0,2.888888888888889,0.37037037037037035,44.60846560846561,378.0,15.0,143.0,131.0,151.0,158.0,181.0,1.208994708994709
2,122,2_122,0.0,2.9063136456211813,0.43380855397148677,48.66598778004073,491.0,15.0,378.0,143.0,131.0,151.0,158.0,1.3319755600814664
2,123,2_123,1.0,2.9302325581395348,0.3883720930232558,51.75581395348837,430.0,15.0,491.0,378.0,143.0,131.0,151.0,1.3186046511627907
2,124,2_124,1.0,2.878125,0.375,54.24375,320.0,15.0,430.0,491.0,378.0,143.0,131.0,1.43125
2,125,2_125,1.0,2.863013698630137,0.4246575342465753,53.66095890410959,292.0,15.0,320.0,430.0,491.0,378.0,143.0,1.3253424657534247
2,126,2_126,1.0,2.8082901554404147,0.3005181347150259,53.63212435233161,193.0,15.0,292.0,320.0,430.0,491.0,378.0,1.3160621761658031
2,127,2_127,1.0,2.8781725888324874,0.3147208121827411,55.71573604060914,197.0,15.0,193.0,292.0,320.0,430.0,491.0,1.4619289340101522
2,128,2_128,1.0,2.763440860215054,0.3064516129032258,54.63978494623656,186.0,15.0,197.0,193.0,292.0,320.0,430.0,1.5913978494623655
2,129,2_129,1.0,2.6686046511627906,0.37790697674418605,55.5406976744186,172.0,15.0,186.0,197.0,193.0,292.0,320.0,1.3953488372093024
3,0,3_0,0.0,1.1466992665036675,0.38875305623471884,54.784841075794624,409.0,20.0,0.0,0.0,0.0,0.0,0.0,1.466992665036675
3,1,3_1,0.0,0.9605263157894737,0.3815789473684211,49.16315789473684,380.0,20.0,409.0,0.0,0.0,0.0,0.0,1.231578947368421
3,2,3_2,0.0,0.7874396135265701,0.3719806763285024,47.734299516908216,414.0,20.0,380.0,409.0,0.0,0.0,0.0,1.316425120772947
3,3,3_3,0.0,0.8062157221206582,0.4259597806215722,44.49725776965265,547.0,20.0,414.0,380.0,409.0,0.0,0.0,1.113345521023766
3,4,3_4,0.0,0.8830715532286213,0.4642233856893543,48.02094240837696,573.0,20.0,547.0,414.0,380.0,409.0,0.0,1.212914485165794
3,5,3_5,1.0,1.0849557522123894,0.5486725663716814,47.53274336283186,565.0,20.0,573.0,547.0,414.0,380.0,409.0,1.2353982300884956
3,6,3_6,1.0,0.964527027027027,0.44932432432432434,44.692567567567565,592.0,20.0,565.0,573.0,547.0,414.0,380.0,1.1199324324324325
3,7,3_7,1.0,0.9068493150684932,0.510958904109589,42.84109589041096,730.0,20.0,592.0,565.0,573.0,547.0,414.0,1.0520547945205478
3,8,3_8,1.0,0.837431693989071,0.4098360655737705,46.01639344262295,732.0,20.0,730.0,592.0,565.0,573.0,547.0,1.1994535519125684
3,9,3_9,0.0,1.0254777070063694,0.4369426751592357,47.05095541401274,785.0,20.0,732.0,730.0,592.0,565.0,573.0,1.1872611464968152
3,10,3_10,1.0,1.2236842105263157,0.5131578947368421,46.25404858299595,988.0,20.0,785.0,732.0,730.0,592.0,565.0,1.0799595141700404
3,11,3_11,0.0,1.1154891304347827,0.4171195652173913,47.59375,736.0,20.0,988.0,785.0,732.0,730.0,592.0,1.236413043478261
3,12,3_12,0.0,1.166383701188455,0.40237691001697795,47.0679117147708,589.0,20.0,736.0,988.0,785.0,732.0,730.0,1.230899830220713
3,13,3_13,0.0,0.8525641025641025,0.32051282051282054,46.98878205128205,624.0,20.0,589.0,736.0,988.0,785.0,732.0,1.5144230769230769
3,14,3_14,0.0,0.9105367793240556,0.3658051689860835,45.50497017892644,503.0,20.0,624.0,589.0,736.0,988.0,785.0,1.2306163021868788
3,15,3_15,0.0,0.9852631578947368,0.38526315789473686,47.40421052631579,475.0,20.0,503.0,624.0,589.0,736.0,988.0,1.216842105263158
3,16,3_16,0.0,0.8782771535580525,0.3464419475655431,49.09550561797753,534.0,20.0,475.0,503.0,624.0,589.0,736.0,1.2134831460674158
3,17,3_17,0.0,0.8061855670103093,0.32577319587628867,45.263917525773195,485.0,20.0,534.0,475.0,503.0,624.0,589.0,1.1731958762886598
3,18,3_18,0.0,0.9017681728880157,0.29273084479371314,46.1139489194499,509.0,20.0,485.0,534.0,475.0,503.0,624.0,1.1650294695481336
3,19,3_19,0.0,0.8627450980392157,0.3202614379084967,48.70152505446623,459.0,20.0,509.0,485.0,534.0,475.0,503.0,1.1895424836601307
3,20,3_20,0.0,0.9867256637168141,0.22787610619469026,48.769911504424776,452.0,20.0,459.0,509.0,485.0,534.0,475.0,1.2278761061946903
3,21,3_21,0.0,0.7801724137931034,0.46551724137931033,46.63146551724138,464.0,20.0,452.0,459.0,509.0,485.0,534.0,1.1422413793103448
3,22,3_22,0.0,0.8811881188118812,0.3094059405940594,44.801980198019805,404.0,20.0,464.0,452.0,459.0,509.0,485.0,1.1287128712871286
3,23,3_23,0.0,0.8989010989010989,0.36923076923076925,46.76263736263736,455.0,20.0,404.0,464.0,452.0,459.0,509.0,1.243956043956044
3,24,3_24,0.0,0.7146282973621103,0.3381294964028777,48.77218225419664,417.0,20.0,455.0,404.0,464.0,452.0,459.0,1.235011990407674
3,25,3_25,0.0,0.7975609756097561,0.33414634146341465,46.74878048780488,410.0,20.0,417.0,455.0,404.0,464.0,452.0,1.251219512195122
3,26,3_26,0.0,0.7607758620689655,0.29094827586206895,44.2823275862069,464.0,20.0,410.0,417.0,455.0,404.0,464.0,1.1831896551724137
3,27,3_27,0.0,0.9093333333333333,0.36,46.330666666666666,375.0,20.0,464.0,410.0,417.0,455.0,404.0,1.0933333333333333
3,28,3_28,1.0,0.7705192629815746,0.5979899497487438,38.73031825795645,597.0,20.0,375.0,464.0,410.0,417.0,455.0,0.8458961474036851
3,29,3_29,1.0,0.6921606118546845,0.6166347992351816,38.3585086042065,1046.0,20.0,597.0,375.0,464.0,410.0,417.0,0.7581261950286807
3,30,3_30,1.0,0.7485714285714286,0.3647619047619048,46.60857142857143,1050.0,20.0,1046.0,597.0,375.0,464.0,410.0,1.061904761904762
3,31,3_31,1.0,0.755586592178771,0.3198324022346369,47.68854748603352,716.0,20.0,1050.0,1046.0,597.0,375.0,464.0,1.0824022346368716
3,32,3_32,0.0,0.7457912457912458,0.32323232323232326,47.76262626262626,594.0,20.0,716.0,1050.0,1046.0,597.0,375.0,1.1430976430976432
3,33,3_33,0.0,0.6931407942238267,0.33754512635379064,45.65523465703971,554.0,20.0,594.0,716.0,1050.0,1046.0,597.0,1.0649819494584838
3,34,3_34,0.0,0.8123893805309734,0.40353982300884955,48.65132743362832,565.0,20.0,554.0,594.0,716.0,1050.0,1046.0,1.2778761061946902
3,35,3_35,0.0,0.8926315789473684,0.28,50.80421052631579,475.0,20.0,565.0,554.0,594.0,716.0,1050.0,1.24
3,36,3_36,0.0,0.8470873786407767,0.23786407766990292,47.987864077669904,412.0,20.0,475.0,565.0,554.0,594.0,716.0,1.1941747572815533
3,37,3_37,0.0,0.8244803695150116,0.24018475750577367,48.52193995381062,433.0,20.0,412.0,475.0,565.0,554.0,594.0,1.117782909930716
3,38,3_38,0.0,0.8032407407407407,0.32407407407407407,46.43981481481482,432.0,20.0,433.0,412.0,475.0,565.0,554.0,1.0509259259259258
3,39,3_39,0.0,0.9807162534435262,0.24793388429752067,48.77685950413223,363.0,20.0,432.0,433.0,412.0,475.0,565.0,1.2892561983471074
3,40,3_40,1.0,0.5991701244813278,0.4946058091286307,33.27883817427386,1205.0,20.0,363.0,432.0,433.0,412.0,475.0,1.0738589211618257
3,41,3_41,1.0,0.6787807737397421,0.5166080500195389,34.17389605314576,2559.0,20.0,1205.0,363.0,432.0,433.0,412.0,1.1395076201641265
3,42,3_42,1.0,0.7884458909682669,0.3950366151342555,38.77624084621644,2458.0,20.0,2559.0,1205.0,363.0,432.0,433.0,1.2135882831570382
3,43,3_43,1.0,0.8568738229755178,0.36660389202762084,42.63527934714375,1593.0,20.0,2458.0,2559.0,1205.0,363.0,432.0,1.231638418079096
3,44,3_44,1.0,0.7015748031496063,0.3251968503937008,42.95826771653543,1270.0,20.0,1593.0,2458.0,2559.0,1205.0,363.0,1.2007874015748032
3,45,3_45,1.0,0.7355110642781876,0.31612223393045313,44.61643835616438,949.0,20.0,1270.0,1593.0,2458.0,2559.0,1205.0,1.3129610115911485
3,46,3_46,1.0,0.6616161616161617,0.3371212121212121,45.24116161616162,792.0,20.0,949.0,1270.0,1593.0,2458.0,2559.0,1.3156565656565657
3,47,3_47,1.0,0.6894243641231593,0.27041499330655955,44.926372155287815,747.0,20.0,792.0,949.0,1270.0,1593.0,2458.0,1.2530120481927711
3,48,3_48,1.0,0.711738484398217,0.27786032689450224,45.812778603268946,673.0,20.0,747.0,792.0,949.0,1270.0,1593.0,1.3164933135215453
3,49,3_49,1.0,0.7552870090634441,0.29003021148036257,45.81117824773414,662.0,20.0,673.0,747.0,792.0,949.0,1270.0,1.0981873111782476
3,50,3_50,0.0,0.8274456521739131,0.31521739130434784,45.73777173913044,736.0,20.0,662.0,673.0,747.0,792.0,949.0,1.1929347826086956
3,51,3_51,0.0,0.7957371225577264,0.23801065719360567,46.43161634103019,563.0,20.0,736.0,662.0,673.0,747.0,792.0,1.1545293072824157
3,52,3_52,0.0,0.6786427145708582,0.2894211576846307,45.86626746506986,501.0,20.0,563.0,736.0,662.0,673.0,747.0,1.2055888223552895
3,53,3_53,0.0,0.6962025316455697,0.20614828209764918,44.93490054249548,553.0,20.0,501.0,563.0,736.0,662.0,673.0,1.1338155515370705
3,54,3_54,0.0,0.7413441955193483,0.21792260692464357,47.78615071283096,491.0,20.0,553.0,501.0,563.0,736.0,662.0,1.189409368635438
3,55,3_55,0.0,0.7375886524822695,0.31560283687943264,46.37234042553192,564.0,20.0,491.0,553.0,501.0,563.0,736.0,1.2588652482269505
3,56,3_56,1.0,1.135135135135135,0.18634423897581792,46.0697012802276,703.0,20.0,564.0,491.0,553.0,501.0,563.0,1.3186344238975818
3,57,3_57,1.0,1.2717948717948717,0.24820512820512822,47.88923076923077,975.0,20.0,703.0,564.0,491.0,553.0,501.0,1.3456410256410256
3,58,3_58,1.0,1.2792056074766356,0.25350467289719625,51.544392523364486,856.0,20.0,975.0,703.0,564.0,491.0,553.0,1.4544392523364487
3,59,3_59,1.0,1.2823691460055096,0.2162534435261708,52.23278236914601,726.0,20.0,856.0,975.0,703.0,564.0,491.0,1.3498622589531681
3,60,3_60,1.0,0.9972602739726028,0.3219178082191781,54.11232876712329,730.0,20.0,726.0,856.0,975.0,703.0,564.0,1.36986301369863
3,61,3_61,1.0,1.0017953321364452,0.2513464991023339,52.447037701974864,557.0,20.0,730.0,726.0,856.0,975.0,703.0,1.3572710951526032
3,62,3_62,1.0,0.5677139761646804,0.23510292524377033,43.80931744312026,923.0,20.0,557.0,730.0,726.0,856.0,975.0,1.0704225352112675
3,63,3_63,1.0,0.7727272727272727,0.26721763085399447,49.053719008264466,726.0,20.0,923.0,557.0,730.0,726.0,856.0,1.300275482093664
3,64,3_64,1.0,0.7604895104895105,0.25874125874125875,50.1520979020979,572.0,20.0,726.0,923.0,557.0,730.0,726.0,1.284965034965035
3,65,3_65,0.0,0.799645390070922,0.2641843971631206,52.476950354609926,564.0,20.0,572.0,726.0,923.0,557.0,730.0,1.3333333333333333
3,66,3_66,0.0,0.5782178217821782,0.25742574257425743,50.70891089108911,505.0,20.0,564.0,572.0,726.0,923.0,557.0,1.3544554455445545
3,67,3_67,0.0,0.7054945054945055,0.3230769230769231,52.38241758241758,455.0,20.0,505.0,564.0,572.0,726.0,923.0,1.312087912087912
3,68,3_68,0.0,0.7224409448818898,0.2736220472440945,52.854330708661415,508.0,20.0,455.0,505.0,564.0,572.0,726.0,1.2224409448818898
3,69,3_69,0.0,0.6924686192468619,0.23640167364016737,51.73640167364017,478.0,20.0,508.0,455.0,505.0,564.0,572.0,1.3305439330543933
3,70,3_70,0.0,0.8118556701030928,0.2603092783505155,53.36082474226804,388.0,20.0,478.0,508.0,455.0,505.0,564.0,1.3453608247422681
3,71,3_71,0.0,0.9252577319587629,0.25,50.2319587628866,388.0,20.0,388.0,478.0,508.0,455.0,505.0,1.2474226804123711
3,72,3_72,0.0,0.8950892857142857,0.22321428571428573,48.99107142857143,448.0,20.0,388.0,388.0,478.0,508.0,455.0,1.2299107142857142
3,73,3_73,1.0,1.0553571428571429,0.31607142857142856,50.19285714285714,560.0,20.0,448.0,388.0,388.0,478.0,508.0,1.275
3,74,3_74,1.0,0.9648351648351648,0.18461538461538463,52.145054945054945,455.0,20.0,560.0,448.0,388.0,388.0,478.0,1.30989010989011
3,75,3_75,1.0,0.9469026548672567,0.24188790560471976,53.31858407079646,339.0,20.0,455.0,560.0,448.0,388.0,388.0,1.3097345132743363
3,76,3_76,0.0,0.7587209302325582,0.2005813953488372,50.32848837209303,344.0,20.0,339.0,455.0,560.0,448.0,388.0,1.2587209302325582
3,77,3_77,1.0,0.6475903614457831,0.20481927710843373,47.786144578313255,332.0,20.0,344.0,339.0,455.0,560.0,448.0,1.216867469879518
3,78,3_78,0.0,0.6825396825396826,0.28253968253968254,47.94920634920635,315.0,20.0,332.0,344.0,339.0,455.0,560.0,1.2571428571428571
3,79,3_79,0.0,0.9382716049382716,0.2777777777777778,47.910493827160494,324.0,20.0,315.0,332.0,344.0,339.0,455.0,1.058641975308642
3,80,3_80,0.0,1.5614525139664805,0.20391061452513967,50.26536312849162,358.0,20.0,324.0,315.0,332.0,344.0,339.0,1.0726256983240223
3,81,3_81,0.0,0.7862595419847328,0.20865139949109415,48.587786259541986,393.0,20.0,358.0,324.0,315.0,332.0,344.0,1.1424936386768447
3,82,3_82,0.0,0.75,0.3416666666666667,48.075,360.0,20.0,393.0,358.0,324.0,315.0,332.0,1.2805555555555554
3,83,3_83,1.0,0.635116598079561,0.5624142661179699,40.89437585733882,729.0,20.0,360.0,393.0,358.0,324.0,315.0,1.112482853223594
3,84,3_84,1.0,0.4371822803195352,0.6746550472040668,33.436456063907045,1377.0,20.0,729.0,360.0,393.0,358.0,324.0,0.9920116194625999
3,85,3_85,1.0,0.37977660199882424,0.6328630217519107,31.276014109347443,3402.0,20.0,1377.0,729.0,360.0,393.0,358.0,0.9062316284538506
3,86,3_86,1.0,0.5168738898756661,0.5150976909413855,37.873297809354646,3378.0,20.0,3402.0,1377.0,729.0,360.0,393.0,1.1107164002368266
3,87,3_87,1.0,0.512032473180632,0.4146129312844303,39.37518121194549,3449.0,20.0,3378.0,3402.0,1377.0,729.0,360.0,1.2212235430559581
3,88,3_88,1.0,0.5411214953271029,0.38691588785046727,39.677570093457945,3210.0,20.0,3449.0,3378.0,3402.0,1377.0,729.0,1.2003115264797508
3,89,3_89,1.0,0.5249429409846755,0.44603847407890446,41.09129442451908,3067.0,20.0,3210.0,3449.0,3378.0,3402.0,1377.0,1.1643299641343332
3,90,3_90,0.0,0.49198868991517436,0.3402450518378888,43.10179076343073,2122.0,20.0,3067.0,3210.0,3449.0,3378.0,3402.0,1.3336475023562677
3,91,3_91,0.0,0.4717948717948718,0.33706293706293705,41.84941724941725,2145.0,20.0,2122.0,3067.0,3210.0,3449.0,3378.0,1.3804195804195805
3,92,3_92,0.0,0.5187793427230047,0.3403755868544601,44.019366197183096,1704.0,20.0,2145.0,2122.0,3067.0,3210.0,3449.0,1.3931924882629108
3,93,3_93,0.0,0.47736873868436935,0.3101991550995776,43.15932407966204,1657.0,20.0,1704.0,2145.0,2122.0,3067.0,3210.0,1.43995171997586
3,94,3_94,0.0,0.5349105597230237,0.30929024812463934,43.208309290248124,1733.0,20.0,1657.0,1704.0,2145.0,2122.0,3067.0,1.4310444316214657
3,95,3_95,0.0,0.523841059602649,0.3205298013245033,44.07019867549669,1510.0,20.0,1733.0,1657.0,1704.0,2145.0,2122.0,1.4185430463576159
3,96,3_96,0.0,0.5389408099688473,0.32398753894080995,45.20015576323988,1284.0,20.0,1510.0,1733.0,1657.0,1704.0,2145.0,1.429127725856698
3,97,3_97,0.0,0.5380597014925373,0.34626865671641793,43.680597014925375,1340.0,20.0,1284.0,1510.0,1733.0,1657.0,1704.0,1.4597014925373135
3,98,3_98,0.0,0.5448504983388704,0.30980066445182725,44.14119601328904,1204.0,20.0,1340.0,1284.0,1510.0,1733.0,1657.0,1.404485049833887
3,99,3_99,0.0,0.6470588235294118,0.3301141352063213,44.46180860403863,1139.0,20.0,1204.0,1340.0,1284.0,1510.0,1733.0,1.4258121158911325
3,100,3_100,0.0,0.5344995140913509,0.282798833819242,44.93586005830904,1029.0,20.0,1139.0,1204.0,1340.0,1284.0,1510.0,1.3848396501457727
3,101,3_101,0.0,0.5273885350318471,0.2713375796178344,46.396178343949046,785.0,20.0,1029.0,1139.0,1204.0,1340.0,1284.0,1.397452229299363
3,102,3_102,0.0,0.5214050493962679,0.4149286498353458,43.36992316136114,911.0,20.0,785.0,1029.0,1139.0,1204.0,1340.0,1.4017563117453349
3,103,3_103,0.0,0.5298759864712514,0.3461104847801578,43.56031567080045,887.0,20.0,911.0,785.0,1029.0,1139.0,1204.0,1.4137542277339346
3,104,3_104,0.0,0.5052631578947369,0.33014354066985646,43.47846889952153,1045.0,20.0,887.0,911.0,785.0,1029.0,1139.0,1.3330143540669857
3,105,3_105,0.0,0.45119705340699817,0.26519337016574585,42.348066298342545,1086.0,20.0,1045.0,887.0,911.0,785.0,1029.0,1.3793738489871086
3,106,3_106,1.0,0.43994140625,0.2373046875,40.56787109375,2048.0,20.0,1086.0,1045.0,887.0,911.0,785.0,1.28662109375
3,107,3_107,0.0,0.5547872340425531,0.325,44.36063829787234,1880.0,20.0,2048.0,1086.0,1045.0,887.0,911.0,1.3069148936170212
3,108,3_108,1.0,0.5090479937057435,0.5011801730920535,36.337922895357984,2542.0,20.0,1880.0,2048.0,1086.0,1045.0,887.0,0.8552321007081038
3,109,3_109,1.0,0.6876274643099932,0.47620666213460233,41.01835486063902,2942.0,20.0,2542.0,1880.0,2048.0,1086.0,1045.0,0.9670292318150918
3,110,3_110,1.0,0.718293620292083,0.41929285165257496,44.91698693312836,2602.0,20.0,2942.0,2542.0,1880.0,2048.0,1086.0,1.0980015372790162
3,111,3_111,1.0,0.662051282051282,0.42923076923076925,45.14820512820513,1950.0,20.0,2602.0,2942.0,2542.0,1880.0,2048.0,1.1815384615384616
3,112,3_112,1.0,0.6124859392575928,0.3661417322834646,45.05005624296963,1778.0,20.0,1950.0,2602.0,2942.0,2542.0,1880.0,1.1861642294713162
3,113,3_113,1.0,0.579472558802566,0.34925160370634356,46.4903777619387,1403.0,20.0,1778.0,1950.0,2602.0,2942.0,2542.0,1.2387740555951532
3,114,3_114,1.0,0.5273338940285954,0.3313708999158957,46.4053826745164,1189.0,20.0,1403.0,1778.0,1950.0,2602.0,2942.0,1.1925988225399495
3,115,3_115,0.0,0.6074201898188093,0.3270060396893874,47.08196721311475,1159.0,20.0,1189.0,1403.0,1778.0,1950.0,2602.0,1.2182916307161347
3,116,3_116,0.0,0.5640756302521008,0.2857142857142857,47.17542016806723,952.0,20.0,1159.0,1189.0,1403.0,1778.0,1950.0,1.1922268907563025
3,117,3_117,0.0,0.5849056603773585,0.2323733862959285,47.922542204568025,1007.0,20.0,952.0,1159.0,1189.0,1403.0,1778.0,1.1221449851042702
3,118,3_118,1.0,0.5072961373390558,0.24034334763948498,44.31502145922747,1165.0,20.0,1007.0,952.0,1159.0,1189.0,1403.0,1.0858369098712446
3,119,3_119,0.0,0.5561122244488977,0.2995991983967936,44.53306613226453,998.0,20.0,1165.0,1007.0,952.0,1159.0,1189.0,1.0781563126252505
3,120,3_120,1.0,0.46683893195521103,0.223083548664944,46.41429801894918,1161.0,20.0,998.0,1165.0,1007.0,952.0,1159.0,1.0525409130060293
3,121,3_121,1.0,0.49631966351209256,0.26708727655099895,45.52471083070452,951.0,20.0,1161.0,998.0,1165.0,1007.0,952.0,1.0694006309148265
3,122,3_122,1.0,0.7846774193548387,0.3725806451612903,45.65241935483871,1240.0,20.0,951.0,1161.0,998.0,1165.0,1007.0,0.9540322580645161
3,123,3_123,1.0,1.0329619312906222,0.37279480037140206,43.155988857938716,2154.0,20.0,1240.0,951.0,1161.0,998.0,1165.0,0.8844011142061281
3,124,3_124,1.0,0.9392133492252682,0.3766388557806913,46.205005959475564,2517.0,20.0,2154.0,1240.0,951.0,1161.0,998.0,0.8978943186332936
3,125,3_125,1.0,1.0203389830508474,0.4038135593220339,50.22754237288136,2360.0,20.0,2517.0,2154.0,1240.0,951.0,1161.0,0.9423728813559322
3,126,3_126,1.0,0.9114658925979681,0.3904208998548621,51.0,2067.0,20.0,2360.0,2517.0,2154.0,1240.0,951.0,0.9869375907111756
3,127,3_127,1.0,0.8953553441522104,0.3603805260212647,52.827084499160605,1787.0,20.0,2067.0,2360.0,2517.0,2154.0,1240.0,0.952993844432009
3,128,3_128,1.0,0.8276553106212425,0.3139612558450234,52.987975951903806,1497.0,20.0,1787.0,2067.0,2360.0,2517.0,2154.0,1.0307281229124916
3,129,3_129,1.0,0.7677371172516804,0.3166542195668409,53.6840926064227,1339.0,20.0,1497.0,1787.0,2067.0,2360.0,2517.0,0.9947722180731889
4,0,4_0,0.0,1.2595505617977527,0.5337078651685393,45.4191011235955,890.0,45.0,0.0,0.0,0.0,0.0,0.0,1.195505617977528
4,1,4_1,0.0,1.148314606741573,0.46629213483146065,44.67752808988764,890.0,45.0,890.0,0.0,0.0,0.0,0.0,1.144943820224719
4,2,4_2,0.0,1.1153846153846154,0.5629370629370629,42.94143356643357,1144.0,45.0,890.0,890.0,0.0,0.0,0.0,1.152097902097902
4,3,4_3,0.0,0.9419026870007262,0.5664488017429193,39.77850399419027,1377.0,45.0,1144.0,890.0,890.0,0.0,0.0,1.0893246187363834
4,4,4_4,1.0,1.0404941660947151,0.5284831846259437,42.463967055593685,1457.0,45.0,1377.0,1144.0,890.0,890.0,0.0,1.1976664378860673
4,5,4_5,0.0,1.023008849557522,0.5498525073746313,40.67610619469026,1695.0,45.0,1457.0,1377.0,1144.0,890.0,890.0,1.1179941002949854
4,6,4_6,1.0,0.9447453954496208,0.4198266522210184,40.362946912242684,1846.0,45.0,1695.0,1457.0,1377.0,1144.0,890.0,1.1045503791982665
4,7,4_7,1.0,0.9007881316643487,0.5085767269355587,40.992118683356516,2157.0,45.0,1846.0,1695.0,1457.0,1377.0,1144.0,1.0978210477515067
4,8,4_8,0.0,0.9541237113402062,0.5706185567010309,41.97371134020619,1940.0,45.0,2157.0,1846.0,1695.0,1457.0,1377.0,1.1257731958762887
4,9,4_9,0.0,0.9723809523809523,0.5876190476190476,41.72047619047619,2100.0,45.0,1940.0,2157.0,1846.0,1695.0,1457.0,1.1571428571428573
4,10,4_10,1.0,1.0976072920622864,0.5552601595138625,39.66691986327383,2633.0,45.0,2100.0,1940.0,2157.0,1846.0,1695.0,1.1131788834029623
4,11,4_11,1.0,1.0502092050209204,0.5104602510460251,41.58902835890284,2151.0,45.0,2633.0,2100.0,1940.0,2157.0,1846.0,1.1148303114830311
4,12,4_12,0.0,1.0478021978021979,0.49945054945054945,43.0532967032967,1820.0,45.0,2151.0,2633.0,2100.0,1940.0,2157.0,1.1725274725274726
4,13,4_13,0.0,0.9777911164465787,0.4639855942376951,42.83673469387755,1666.0,45.0,1820.0,2151.0,2633.0,2100.0,1940.0,1.1350540216086435
4,14,4_14,0.0,0.9987285441830897,0.41830896376350923,43.06420851875397,1573.0,45.0,1666.0,1820.0,2151.0,2633.0,2100.0,1.143674507310871
4,15,4_15,0.0,1.0409937888198757,0.47018633540372673,44.344099378881985,1610.0,45.0,1573.0,1666.0,1820.0,2151.0,2633.0,1.1788819875776397
4,16,4_16,0.0,1.034529451591063,0.45700744752877454,46.67975626269465,1477.0,45.0,1610.0,1573.0,1666.0,1820.0,2151.0,1.1503046716316858
4,17,4_17,0.0,1.064587973273942,0.4446919079435783,43.88567186340015,1347.0,45.0,1477.0,1610.0,1573.0,1666.0,1820.0,1.1566443949517446
4,18,4_18,0.0,1.0008223684210527,0.3848684210526316,43.91200657894737,1216.0,45.0,1347.0,1477.0,1610.0,1573.0,1666.0,1.1685855263157894
4,19,4_19,1.0,0.8995327102803738,0.43037383177570093,39.00794392523365,2140.0,45.0,1216.0,1347.0,1477.0,1610.0,1573.0,0.9271028037383178
4,20,4_20,0.0,0.8351510067114094,0.36199664429530204,40.479026845637584,2384.0,45.0,2140.0,1216.0,1347.0,1477.0,1610.0,0.964765100671141
4,21,4_21,0.0,0.7742738589211619,0.3647302904564315,42.85020746887967,2410.0,45.0,2384.0,2140.0,1216.0,1347.0,1477.0,1.0261410788381742
4,22,4_22,0.0,0.9130434782608695,0.3130434782608696,46.37717391304348,1840.0,45.0,2410.0,2384.0,2140.0,1216.0,1347.0,1.0869565217391304
4,23,4_23,0.0,0.9393939393939394,0.33268858800773693,45.744680851063826,1551.0,45.0,1840.0,2410.0,2384.0,2140.0,1216.0,1.1012250161186332
4,24,4_24,1.0,0.6399849680571214,0.3942127019917324,37.75272453964675,2661.0,45.0,1551.0,1840.0,2410.0,2384.0,2140.0,0.8981585869973694
4,25,4_25,0.0,0.7691171038049501,0.3623937938677503,43.21499815293683,2707.0,45.0,2661.0,1551.0,1840.0,2410.0,2384.0,0.9863317325452531
4,26,4_26,1.0,0.6131386861313869,0.3622742988859009,37.41144832885133,2603.0,45.0,2707.0,2661.0,1551.0,1840.0,2410.0,0.8832116788321168
4,27,4_27,1.0,0.5517241379310345,0.3838529836877968,37.088994424943216,4843.0,45.0,2603.0,2707.0,2661.0,1551.0,1840.0,0.8717736939913276
4,28,4_28,1.0,0.4468336950088775,0.44367725389623197,34.54290787137502,5069.0,45.0,4843.0,2603.0,2707.0,2661.0,1551.0,0.83330045373841
4,29,4_29,1.0,0.6292478045055364,0.3829705994654448,40.78865979381443,5238.0,45.0,5069.0,4843.0,2603.0,2707.0,2661.0,1.006872852233677
4,30,4_30,1.0,0.6803102111158983,0.34920292977165013,42.53102111158983,4642.0,45.0,5238.0,5069.0,4843.0,2603.0,2707.0,1.067212408444636
4,31,4_31,0.0,0.6464924346629987,0.3374598807886291,42.50825309491059,4362.0,45.0,4642.0,5238.0,5069.0,4843.0,2603.0,1.095598349381018
4,32,4_32,0.0,0.7334588488434642,0.3552985476062399,44.63690155997848,3718.0,45.0,4362.0,4642.0,5238.0,5069.0,4843.0,1.1091984938138784
4,33,4_33,0.0,0.7430703624733476,0.32551528073916136,46.04726368159204,2814.0,45.0,3718.0,4362.0,4642.0,5238.0,5069.0,1.1886993603411513
4,34,4_34,0.0,0.8023584905660377,0.3740566037735849,47.40047169811321,2120.0,45.0,2814.0,3718.0,4362.0,4642.0,5238.0,1.1556603773584906
4,35,4_35,0.0,0.7865279841505696,0.34175334323922735,46.04358593363051,2019.0,45.0,2120.0,2814.0,3718.0,4362.0,4642.0,1.1084695393759287
4,36,4_36,0.0,0.8303249097472925,0.33161423414130997,45.59979370809696,1939.0,45.0,2019.0,2120.0,2814.0,3718.0,4362.0,1.1990716864363073
4,37,4_37,0.0,0.7742409402546523,0.3197845249755142,44.51420176297747,2042.0,45.0,1939.0,2019.0,2120.0,2814.0,3718.0,1.1126346718903035
4,38,4_38,1.0,0.7211015049631765,0.28978546269612554,42.78642331091899,3123.0,45.0,2042.0,1939.0,2019.0,2120.0,2814.0,0.984309958373359
4,39,4_39,0.0,0.8090472377902321,0.3034427542033627,47.495996797437954,2498.0,45.0,3123.0,2042.0,1939.0,2019.0,2120.0,1.099679743795036
4,40,4_40,0.0,0.9203454894433781,0.3536468330134357,49.67274472168906,2084.0,45.0,2498.0,3123.0,2042.0,1939.0,2019.0,1.2130518234165066
4,41,4_41,0.0,0.7703559239395417,0.3052169673330083,44.53193564115066,2051.0,45.0,2084.0,2498.0,3123.0,2042.0,1939.0,1.1009263773768894
4,42,4_42,0.0,0.830547818012999,0.3333333333333333,44.75719591457753,2154.0,45.0,2051.0,2084.0,2498.0,3123.0,2042.0,1.1067780872794801
4,43,4_43,0.0,0.8483674598782512,0.30437188710570007,47.228555617044826,1807.0,45.0,2154.0,2051.0,2084.0,2498.0,3123.0,1.164360819037078
4,44,4_44,0.0,0.8031651829871415,0.34421364985163205,46.95895153313551,2022.0,45.0,1807.0,2154.0,2051.0,2084.0,2498.0,1.1449060336300692
4,45,4_45,0.0,0.7850029291154071,0.3104862331575864,48.55653192735794,1707.0,45.0,2022.0,1807.0,2154.0,2051.0,2084.0,1.2161687170474518
4,46,4_46,0.0,0.7907822922983626,0.36203759854457246,47.82292298362644,1649.0,45.0,1707.0,2022.0,1807.0,2154.0,2051.0,1.1467556094602789
4,47,4_47,0.0,0.8239625167336011,0.30522088353413657,46.785140562249,1494.0,45.0,1649.0,1707.0,2022.0,1807.0,2154.0,1.1244979919678715
4,48,4_48,0.0,0.9527607361963191,0.29141104294478526,48.95030674846626,1630.0,45.0,1494.0,1649.0,1707.0,2022.0,1807.0,1.1153374233128834
4,49,4_49,0.0,0.815538608198284,0.3336510962821735,44.108198284080075,2098.0,45.0,1630.0,1494.0,1649.0,1707.0,2022.0,1.0757864632983793
4,50,4_50,1.0,0.771542471634468,0.44894204231830726,40.31861392210978,3261.0,45.0,2098.0,1630.0,1494.0,1649.0,1707.0,0.9690279055504446
4,51,4_51,1.0,0.8523527754296986,0.4246266553958862,43.02874049027895,3549.0,45.0,3261.0,2098.0,1630.0,1494.0,1649.0,1.0518455903071289
4,52,4_52,0.0,0.9133040351578107,0.3843387934478626,46.99760287654814,2503.0,45.0,3549.0,3261.0,2098.0,1630.0,1494.0,1.1829804234918098
4,53,4_53,0.0,0.9180072651790347,0.35184224182667356,48.24026984950701,1927.0,45.0,2503.0,3549.0,3261.0,2098.0,1630.0,1.1800726517903477
4,54,4_54,0.0,0.8998282770463651,0.3005151688609044,48.06811677160847,1747.0,45.0,1927.0,2503.0,3549.0,3261.0,2098.0,1.1820263308528907
4,55,4_55,0.0,0.921808185705559,0.2944410507025046,48.42394624312767,1637.0,45.0,1747.0,1927.0,2503.0,3549.0,3261.0,1.1948686621869273
4,56,4_56,1.0,0.9013157894736842,0.31085526315789475,45.346628289473685,2432.0,45.0,1637.0,1747.0,1927.0,2503.0,3549.0,1.2882401315789473
4,57,4_57,1.0,0.909272183449651,0.3293452974410103,47.38351611831173,3009.0,45.0,2432.0,1637.0,1747.0,1927.0,2503.0,1.337986041874377
4,58,4_58,1.0,0.9674568099638409,0.308155885897951,50.846926476496584,2489.0,45.0,3009.0,2432.0,1637.0,1747.0,1927.0,1.4447569304941743
4,59,4_59,1.0,0.9889834752128193,0.3660490736104156,51.32198297446169,1997.0,45.0,2489.0,3009.0,2432.0,1637.0,1747.0,1.3905858788182273
4,60,4_60,1.0,0.9470688673875924,0.3648264086511098,52.57655093910074,1757.0,45.0,1997.0,2489.0,3009.0,2432.0,1637.0,1.4001138303927148
4,61,4_61,1.0,0.9037735849056604,0.3710691823899371,50.90062893081761,1590.0,45.0,1757.0,1997.0,2489.0,3009.0,2432.0,1.3150943396226416
4,62,4_62,1.0,0.86625,0.35875,48.8325,1600.0,45.0,1590.0,1757.0,1997.0,2489.0,3009.0,1.265625
4,63,4_63,0.0,0.9166082690960056,0.4078486334968465,51.60126138752628,1427.0,45.0,1600.0,1590.0,1757.0,1997.0,2489.0,1.4155571128241065
4,64,4_64,0.0,0.9829503335804299,0.3202372127501853,50.94514455151965,1349.0,45.0,1427.0,1600.0,1590.0,1757.0,1997.0,1.2638991845811713
4,65,4_65,1.0,0.8789525691699605,0.33201581027667987,49.812747035573125,2024.0,45.0,1349.0,1427.0,1600.0,1590.0,1757.0,1.0232213438735178
4,66,4_66,1.0,0.933579335793358,0.38534528202424884,52.10068529256721,1897.0,45.0,2024.0,1349.0,1427.0,1600.0,1590.0,1.0247759620453347
4,67,4_67,1.0,0.9356999330207636,0.3636972538513061,52.86604152712659,1493.0,45.0,1897.0,2024.0,1349.0,1427.0,1600.0,1.1419959812458138
4,68,4_68,1.0,0.9242902208201893,0.39747634069400634,51.375394321766564,1268.0,45.0,1493.0,1897.0,2024.0,1349.0,1427.0,1.1695583596214512
4,69,4_69,1.0,0.9713147410358566,0.38326693227091635,51.07410358565737,1255.0,45.0,1268.0,1493.0,1897.0,2024.0,1349.0,1.153784860557769
4,70,4_70,1.0,1.018181818181818,0.4079051383399209,51.22134387351779,1265.0,45.0,1255.0,1268.0,1493.0,1897.0,2024.0,1.2434782608695651
4,71,4_71,1.0,0.9256611865618298,0.4152966404574696,47.069335239456755,1399.0,45.0,1265.0,1255.0,1268.0,1493.0,1897.0,1.2165832737669764
4,72,4_72,0.0,0.9685489635453896,0.4267333809864189,46.408148677626876,1399.0,45.0,1399.0,1265.0,1255.0,1268.0,1493.0,1.2251608291636884
4,73,4_73,1.0,0.9207692307692308,0.33153846153846156,47.63153846153846,1300.0,45.0,1399.0,1399.0,1265.0,1255.0,1268.0,1.1523076923076923
4,74,4_74,0.0,0.8065967016491754,0.39730134932533734,46.992503748125934,1334.0,45.0,1300.0,1399.0,1399.0,1265.0,1255.0,1.1341829085457271
4,75,4_75,1.0,0.8814980435997765,0.39351593068753493,44.75908328675238,1789.0,45.0,1334.0,1300.0,1399.0,1399.0,1265.0,1.0704304080491895
4,76,4_76,0.0,0.8784916201117319,0.4448324022346369,49.28212290502793,1432.0,45.0,1789.0,1334.0,1300.0,1399.0,1399.0,1.2171787709497206
4,77,4_77,0.0,0.7688679245283019,0.44634433962264153,43.11143867924528,1696.0,45.0,1432.0,1789.0,1334.0,1300.0,1399.0,1.0807783018867925
4,78,4_78,0.0,0.8936491935483871,0.38205645161290325,45.62600806451613,1984.0,45.0,1696.0,1432.0,1789.0,1334.0,1300.0,1.172883064516129
4,79,4_79,0.0,0.9233870967741935,0.31989247311827956,48.32392473118279,1488.0,45.0,1984.0,1696.0,1432.0,1789.0,1334.0,1.221774193548387
4,80,4_80,0.0,1.0130813953488371,0.3313953488372093,46.6468023255814,1376.0,45.0,1488.0,1984.0,1696.0,1432.0,1789.0,1.3125
4,81,4_81,0.0,0.8949945593035908,0.3601741022850925,42.46300326441784,1838.0,45.0,1376.0,1488.0,1984.0,1696.0,1432.0,1.1360174102285092
4,82,4_82,0.0,0.918552036199095,0.367808661926309,45.74402068519716,1547.0,45.0,1838.0,1376.0,1488.0,1984.0,1696.0,1.1855203619909502
4,83,4_83,0.0,0.9268115942028986,0.3210144927536232,47.76521739130435,1380.0,45.0,1547.0,1838.0,1376.0,1488.0,1984.0,1.3
4,84,4_84,0.0,0.8697042366107114,0.354916067146283,47.577138289368506,1251.0,45.0,1380.0,1547.0,1838.0,1376.0,1488.0,1.2398081534772183
4,85,4_85,0.0,0.8529411764705882,0.3212669683257919,48.93438914027149,1326.0,45.0,1251.0,1380.0,1547.0,1838.0,1376.0,1.202865761689291
4,86,4_86,0.0,0.8028747433264887,0.34976043805612594,46.18412046543463,1461.0,45.0,1326.0,1251.0,1380.0,1547.0,1838.0,1.2032854209445585
4,87,4_87,0.0,0.8191126279863481,0.3044368600682594,44.900341296928325,1465.0,45.0,1461.0,1326.0,1251.0,1380.0,1547.0,1.1754266211604096
4,88,4_88,1.0,0.757557063541024,0.337446020974707,44.98766193707588,1621.0,45.0,1465.0,1461.0,1326.0,1251.0,1380.0,1.2177668106107342
4,89,4_89,0.0,0.9408322496749024,0.3068920676202861,47.39856957087126,1538.0,45.0,1621.0,1465.0,1461.0,1326.0,1251.0,1.20481144343303
4,90,4_90,0.0,0.9432624113475178,0.38156028368794326,47.763120567375886,1410.0,45.0,1538.0,1621.0,1465.0,1461.0,1326.0,1.2645390070921987
4,91,4_91,0.0,0.9093851132686084,0.35032362459546923,47.27588996763754,1236.0,45.0,1410.0,1538.0,1621.0,1465.0,1461.0,1.2653721682847896
4,92,4_92,0.0,1.016778523489933,0.31291946308724833,47.54278523489933,1192.0,45.0,1236.0,1410.0,1538.0,1621.0,1465.0,1.2231543624161074
4,93,4_93,1.0,0.7920792079207921,0.34983498349834985,46.0957095709571,1212.0,45.0,1192.0,1236.0,1410.0,1538.0,1621.0,1.117986798679868
4,94,4_94,0.0,0.8720262510254306,0.3199343724364233,47.70631665299426,1219.0,45.0,1212.0,1192.0,1236.0,1410.0,1538.0,1.2420016406890895
4,95,4_95,1.0,0.9667953667953668,0.30115830115830117,46.76447876447877,1295.0,45.0,1219.0,1212.0,1192.0,1236.0,1410.0,1.1428571428571428
4,96,4_96,0.0,0.9184131736526946,0.34880239520958084,47.04116766467066,1336.0,45.0,1295.0,1219.0,1212.0,1192.0,1236.0,1.1616766467065869
4,97,4_97,0.0,0.9113029827315542,0.3602825745682888,45.362637362637365,1274.0,45.0,1336.0,1295.0,1219.0,1212.0,1192.0,1.1538461538461537
4,98,4_98,1.0,0.9195876288659793,0.3288659793814433,44.12319587628866,1940.0,45.0,1274.0,1336.0,1295.0,1219.0,1212.0,1.0804123711340206
4,99,4_99,0.0,0.9068721901091843,0.2999357739242132,46.41682723185613,1557.0,45.0,1940.0,1274.0,1336.0,1295.0,1219.0,1.1920359666024405
4,100,4_100,1.0,0.8953771289537713,0.3236009732360097,45.55961070559611,1644.0,45.0,1557.0,1940.0,1274.0,1336.0,1295.0,1.1642335766423357
4,101,4_101,1.0,0.5571030640668524,0.3544568245125348,38.288300835654596,2872.0,45.0,1644.0,1557.0,1940.0,1274.0,1336.0,0.9756267409470752
4,102,4_102,1.0,0.6319940842987429,0.3497658368252403,41.027853093418784,4057.0,45.0,2872.0,1644.0,1557.0,1940.0,1274.0,1.0803549420754253
4,103,4_103,0.0,0.7464336661911555,0.3780313837375178,44.92796005706134,2804.0,45.0,4057.0,2872.0,1644.0,1557.0,1940.0,1.152639087018545
4,104,4_104,0.0,0.8166666666666667,0.3648148148148148,46.55462962962963,2160.0,45.0,2804.0,4057.0,2872.0,1644.0,1557.0,1.1875
4,105,4_105,0.0,0.8267447535383113,0.3958028306490971,45.22840409956076,2049.0,45.0,2160.0,2804.0,4057.0,2872.0,1644.0,1.1908247925817472
4,106,4_106,0.0,0.6835693118208759,0.5979585116891669,35.9400724399078,3037.0,45.0,2049.0,2160.0,2804.0,4057.0,2872.0,0.8531445505432993
4,107,4_107,1.0,0.7422056770590972,0.5604932526756631,37.75546765937646,4298.0,45.0,3037.0,2049.0,2160.0,2804.0,4057.0,0.9243834341554211
4,108,4_108,1.0,0.7532646048109966,0.4558991981672394,40.496219931271476,4365.0,45.0,4298.0,3037.0,2049.0,2160.0,2804.0,1.0485681557846507
4,109,4_109,1.0,0.8234149054505006,0.46802002224694106,44.1218020022247,3596.0,45.0,4365.0,4298.0,3037.0,2049.0,2160.0,1.1657397107897665
4,110,4_110,0.0,0.728282168517309,0.4565643370346179,44.00097975179621,3062.0,45.0,3596.0,4365.0,4298.0,3037.0,2049.0,1.178314826910516
4,111,4_111,0.0,0.7575091575091575,0.37362637362637363,45.396336996337,2730.0,45.0,3062.0,3596.0,4365.0,4298.0,3037.0,1.1652014652014653
4,112,4_112,0.0,0.835377358490566,0.4075471698113208,45.20377358490566,2120.0,45.0,2730.0,3062.0,3596.0,4365.0,4298.0,1.1816037735849056
4,113,4_113,0.0,0.7333629103815439,0.3398402839396628,43.682342502218276,2254.0,45.0,2120.0,2730.0,3062.0,3596.0,4365.0,1.18944099378882
4,114,4_114,1.0,0.7112299465240641,0.3048128342245989,34.3552807486631,2992.0,45.0,2254.0,2120.0,2730.0,3062.0,3596.0,0.7078877005347594
4,115,4_115,1.0,0.7704918032786885,0.2936564504632929,37.79828937990021,4209.0,45.0,2992.0,2254.0,2120.0,2730.0,3062.0,0.7526728439059159
4,116,4_116,1.0,0.7372188139059305,0.3614519427402863,40.48517382413088,3912.0,45.0,4209.0,2992.0,2254.0,2120.0,2730.0,0.928680981595092
4,117,4_117,0.0,0.8388800845219229,0.39117802430005283,44.58663497094559,3786.0,45.0,3912.0,4209.0,2992.0,2254.0,2120.0,1.1104067617538298
4,118,4_118,1.0,0.7493171471927162,0.33019726858877085,44.88770864946889,3295.0,45.0,3786.0,3912.0,4209.0,2992.0,2254.0,1.1138088012139606
4,119,4_119,0.0,0.7548387096774194,0.33691756272401435,44.48136200716846,2790.0,45.0,3295.0,3786.0,3912.0,4209.0,2992.0,1.1483870967741936
4,120,4_120,1.0,0.7214640198511166,0.3715880893300248,40.810483870967744,3224.0,45.0,2790.0,3295.0,3786.0,3912.0,4209.0,1.0189205955334988
4,121,4_121,1.0,0.7395997893628226,0.47709320695102686,43.21853607161664,3798.0,45.0,3224.0,2790.0,3295.0,3786.0,3912.0,1.166140073723012
4,122,4_122,1.0,0.8487011133314302,0.5158435626605766,46.821296031972594,3503.0,45.0,3798.0,3224.0,2790.0,3295.0,3786.0,1.2554952897516414
4,123,4_123,1.0,0.8241237764445848,0.4894221660877802,47.91316703504894,3167.0,45.0,3503.0,3798.0,3224.0,2790.0,3295.0,1.3157562361856647
4,124,4_124,1.0,0.8190693133745526,0.491376505043931,48.79498861047836,3073.0,45.0,3167.0,3503.0,3798.0,3224.0,2790.0,1.3107712333224861
4,125,4_125,0.0,0.8239247311827957,0.4808467741935484,46.704301075268816,2976.0,45.0,3073.0,3167.0,3503.0,3798.0,3224.0,1.257728494623656
4,126,4_126,1.0,0.8380304502753483,0.45448655652737285,46.55458373825721,3087.0,45.0,2976.0,3073.0,3167.0,3503.0,3798.0,1.290249433106576
4,127,4_127,1.0,0.8765149033737307,0.3914182771044874,47.367507369800194,3053.0,45.0,3087.0,2976.0,3073.0,3167.0,3503.0,1.333114968883066
4,128,4_128,0.0,0.6946039035591275,0.7340221967087639,37.84883275928052,2613.0,45.0,3053.0,3087.0,2976.0,3073.0,3167.0,0.9866054343666284
4,129,4_129,1.0,0.7447377213498162,0.8392916805880387,36.15870364183094,2993.0,45.0,2613.0,3053.0,3087.0,2976.0,3073.0,0.9776144336785834
4,130,4_130,1.0,0.8124161073825503,0.6620805369127517,41.09496644295302,2980.0,45.0,2993.0,2613.0,3053.0,3087.0,2976.0,1.1167785234899328
4,131,4_131,1.0,0.7616259042369962,0.5704443678952807,42.89734757147778,2903.0,45.0,2980.0,2993.0,2613.0,3053.0,3087.0,1.158801240096452
4,132,4_132,1.0,0.7113013698630137,0.4986301369863014,43.1236301369863,2920.0,45.0,2903.0,2980.0,2993.0,2613.0,3053.0,1.1352739726027397
4,133,4_133,1.0,0.7736116024053767,0.4715245843650513,44.760169791298196,2827.0,45.0,2920.0,2903.0,2980.0,2993.0,2613.0,1.1489211177927132
4,134,4_134,1.0,0.7480739599383667,0.4379815100154083,45.96263482280431,2596.0,45.0,2827.0,2920.0,2903.0,2980.0,2993.0,1.166024653312789
4,135,4_135,1.0,0.7251810822326374,0.4277801448657861,46.157221985513424,2347.0,45.0,2596.0,2827.0,2920.0,2903.0,2980.0,1.2117596932253942
4,136,4_136,0.0,0.7565217391304347,0.4105263157894737,46.31441647597254,2185.0,45.0,2347.0,2596.0,2827.0,2920.0,2903.0,1.154691075514874
4,137,4_137,0.0,0.6646556058320764,0.3841126194067371,43.86123680241327,1989.0,45.0,2185.0,2347.0,2596.0,2827.0,2920.0,1.1030668677727502
4,138,4_138,1.0,0.6749683410721824,0.4478682988602786,41.91895314478683,2369.0,45.0,1989.0,2185.0,2347.0,2596.0,2827.0,1.0316589278176447
4,139,4_139,1.0,0.7309670781893004,0.35545267489711935,45.47839506172839,1944.0,45.0,2369.0,1989.0,2185.0,2347.0,2596.0,1.146604938271605
4,140,4_140,0.0,0.8481675392670157,0.34089586969168123,46.52239674229203,1719.0,45.0,1944.0,2369.0,1989.0,2185.0,2347.0,1.2443280977312392
4,141,4_141,0.0,0.7614011896893589,0.4011896893588896,47.980832782551225,1513.0,45.0,1719.0,1944.0,2369.0,1989.0,2185.0,1.2214144084600131
4,142,4_142,1.0,0.7413366336633663,0.33910891089108913,46.42821782178218,1616.0,45.0,1513.0,1719.0,1944.0,2369.0,1989.0,1.2301980198019802
4,143,4_143,1.0,0.8024062933826932,0.4012031466913466,44.73900971772328,2161.0,45.0,1616.0,1513.0,1719.0,1944.0,2369.0,1.2369273484497918
4,144,4_144,1.0,0.8231173380035026,0.3607705779334501,47.752626970227674,2284.0,45.0,2161.0,1616.0,1513.0,1719.0,1944.0,1.2850262697022767
4,145,4_145,1.0,0.8755622188905547,0.4302848575712144,47.25937031484258,2001.0,45.0,2284.0,2161.0,1616.0,1513.0,1719.0,1.2733633183408295
4,146,4_146,0.0,0.8463593854375417,0.3867735470941884,48.934535738142955,1497.0,45.0,2001.0,2284.0,2161.0,1616.0,1513.0,1.207748830995324
4,147,4_147,0.0,0.8420707732634338,0.37549148099606816,45.86173001310616,1526.0,45.0,1497.0,2001.0,2284.0,2161.0,1616.0,1.163826998689384
4,148,4_148,0.0,0.8784846318799142,0.38098641887062185,47.92494639027877,1399.0,45.0,1526.0,1497.0,2001.0,2284.0,2161.0,1.1772694781987134
4,149,4_149,0.0,0.7851047323506595,0.3126454615981381,48.012412723041116,1289.0,45.0,1399.0,1526.0,1497.0,2001.0,2284.0,1.117145073700543
4,150,4_150,0.0,0.7701056051990252,0.3322502030869212,47.24695369618197,1231.0,45.0,1289.0,1399.0,1526.0,1497.0,2001.0,1.1543460601137288
4,151,4_151,0.0,0.7414225941422594,0.3138075313807531,48.057740585774056,1195.0,45.0,1231.0,1289.0,1399.0,1526.0,1497.0,1.1481171548117155
4,152,4_152,0.0,0.7598627787307033,0.4065180102915952,47.53344768439108,1166.0,45.0,1195.0,1231.0,1289.0,1399.0,1526.0,1.2547169811320755
4,153,4_153,0.0,0.7661357921207042,0.3512154233025985,45.834031852472755,1193.0,45.0,1166.0,1195.0,1231.0,1289.0,1399.0,1.162615255658005
4,154,4_154,0.0,0.7998423955870765,0.29314420803782504,47.54531126871552,1269.0,45.0,1193.0,1166.0,1195.0,1231.0,1289.0,1.1560283687943262
4,155,4_155,0.0,0.8239549839228296,0.3167202572347267,46.18971061093247,1244.0,45.0,1269.0,1193.0,1166.0,1195.0,1231.0,1.0844051446945338
4,156,4_156,0.0,0.7397831526271893,0.2635529608006672,47.185154295246036,1199.0,45.0,1244.0,1269.0,1193.0,1166.0,1195.0,1.1184320266889074
4,157,4_157,0.0,0.7581863979848866,0.29219143576826195,42.301637279596974,1588.0,45.0,1199.0,1244.0,1269.0,1193.0,1166.0,0.9962216624685138
4,158,4_158,0.0,0.7867191896454699,0.3483398987056837,44.04558244231851,1777.0,45.0,1588.0,1199.0,1244.0,1269.0,1193.0,1.0011254924029263
4,159,4_159,1.0,0.628393250183419,0.5803374908290535,35.1063829787234,2726.0,45.0,1777.0,1588.0,1199.0,1244.0,1269.0,0.7787967718268526
4,160,4_160,1.0,0.7158119658119658,0.6410256410256411,40.94471153846154,3744.0,45.0,2726.0,1777.0,1588.0,1199.0,1244.0,0.8910256410256411
4,161,4_161,1.0,0.6178947368421053,0.608421052631579,36.79421052631579,3800.0,45.0,3744.0,2726.0,1777.0,1588.0,1199.0,0.8826315789473684
4,162,4_162,1.0,0.6531652360515021,0.546137339055794,38.855418454935624,3728.0,45.0,3800.0,3744.0,2726.0,1777.0,1588.0,0.8953862660944206
4,163,4_163,1.0,0.7772523643603783,0.5634644101543056,43.74315579890493,4018.0,45.0,3728.0,3800.0,3744.0,2726.0,1777.0,0.9840716774514684
4,164,4_164,1.0,0.8626981752916542,0.5800179479509423,47.60484594675441,3343.0,45.0,4018.0,3728.0,3800.0,3744.0,2726.0,1.087645827101406
4,165,4_165,1.0,0.8738080101716466,0.5368722186904005,49.66369993642721,3146.0,45.0,3343.0,4018.0,3728.0,3800.0,3744.0,1.0797838525111252
4,166,4_166,1.0,0.8768669100564221,0.513109857285098,50.02456023896449,3013.0,45.0,3146.0,3343.0,4018.0,3728.0,3800.0,1.1085297046133422
4,167,4_167,1.0,0.888130968622101,0.5102319236016372,50.055934515688946,2932.0,45.0,3013.0,3146.0,3343.0,4018.0,3728.0,1.121418826739427
4,168,4_168,1.0,0.8960893854748604,0.5184357541899441,51.24729981378026,2685.0,45.0,2932.0,3013.0,3146.0,3343.0,4018.0,1.0986964618249535
4,169,4_169,0.0,0.9954493742889647,0.45620022753128553,51.37504740235116,2637.0,45.0,2685.0,2932.0,3013.0,3146.0,3343.0,1.1714069017823283
5,0,5_0,0.0,1.081877729257642,0.5485807860262009,45.90993449781659,1832.0,10.0,0.0,0.0,0.0,0.0,0.0,1.1009825327510918
5,1,5_1,0.0,1.0188211986131748,0.6092124814264487,43.26250619118375,2019.0,10.0,1832.0,0.0,0.0,0.0,0.0,1.1203566121842496
5,2,5_2,0.0,0.971958174904943,0.6140684410646388,41.12119771863118,2104.0,10.0,2019.0,1832.0,0.0,0.0,0.0,1.0636882129277567
5,3,5_3,0.0,1.0442095146564152,0.6131667467563672,41.72801537722249,2081.0,10.0,2104.0,2019.0,1832.0,0.0,0.0,1.1508889956751562
5,4,5_4,0.0,0.9749388753056235,0.5837408312958435,39.9859413202934,1636.0,10.0,2081.0,2104.0,2019.0,1832.0,0.0,1.1320293398533008
5,5,5_5,1.0,1.1039225674987265,0.6367804381049414,41.42282221090168,1963.0,10.0,1636.0,2081.0,2104.0,2019.0,1832.0,1.1589403973509933
5,6,5_6,1.0,1.0231102551757343,0.6162734713529129,42.610014443909485,2077.0,10.0,1963.0,1636.0,2081.0,2104.0,2019.0,1.1266249398170438
5,7,5_7,1.0,1.0447427293064877,0.5619686800894854,41.03042505592841,2235.0,10.0,2077.0,1963.0,1636.0,2081.0,2104.0,1.1011185682326623
5,8,5_8,1.0,1.0071609098567817,0.5754001684919966,41.44313395113732,2374.0,10.0,2235.0,2077.0,1963.0,1636.0,2081.0,1.1251053074978938
5,9,5_9,1.0,1.054416073670992,0.6132272917538719,41.42695688572625,2389.0,10.0,2374.0,2235.0,2077.0,1963.0,1636.0,1.1712013394725826
5,10,5_10,1.0,1.1067729083665339,0.6458167330677291,42.43864541832669,2510.0,10.0,2389.0,2374.0,2235.0,2077.0,1963.0,1.2270916334661355
5,11,5_11,1.0,1.1424558587479936,0.5858747993579454,42.128812199036915,2492.0,10.0,2510.0,2389.0,2374.0,2235.0,2077.0,1.1456661316211878
5,12,5_12,1.0,1.1255294570658452,0.6634578359645745,40.80207932229496,2597.0,10.0,2492.0,2510.0,2389.0,2374.0,2235.0,1.137466307277628
5,13,5_13,1.0,1.1364428945074105,0.6255448997384482,40.65431560592851,2294.0,10.0,2597.0,2492.0,2510.0,2389.0,2374.0,1.1517000871839582
5,14,5_14,1.0,1.0793150067598016,0.5772870662460567,42.16899504281208,2219.0,10.0,2294.0,2597.0,2492.0,2510.0,2389.0,1.1460117169896349
5,15,5_15,1.0,1.0573523070288917,0.507546356188012,43.07503234152652,2319.0,10.0,2219.0,2294.0,2597.0,2492.0,2510.0,1.15006468305304
5,16,5_16,0.0,1.0171052631578947,0.5526315789473685,42.9390350877193,2280.0,10.0,2319.0,2219.0,2294.0,2597.0,2492.0,1.1421052631578947
5,17,5_17,1.0,0.9479947113265755,0.4896430145438519,43.182899955927724,2269.0,10.0,2280.0,2319.0,2219.0,2294.0,2597.0,1.1582194799471133
5,18,5_18,0.0,0.9290293040293041,0.44184981684981683,42.6753663003663,2184.0,10.0,2269.0,2280.0,2319.0,2219.0,2294.0,1.085164835164835
5,19,5_19,0.0,1.0711206896551724,0.47801724137931034,44.42715517241379,2320.0,10.0,2184.0,2269.0,2280.0,2319.0,2219.0,1.1008620689655173
5,20,5_20,0.0,0.9420798595875384,0.4655550680122861,43.291355857832386,2279.0,10.0,2320.0,2184.0,2269.0,2280.0,2319.0,1.0715225976305398
5,21,5_21,0.0,0.9078771695594126,0.4833110814419226,44.44592790387183,2247.0,10.0,2279.0,2320.0,2184.0,2269.0,2280.0,1.1308411214953271
5,22,5_22,0.0,0.9224137931034483,0.4634888438133874,44.75456389452333,1972.0,10.0,2247.0,2279.0,2320.0,2184.0,2269.0,1.1379310344827587
5,23,5_23,1.0,0.9367015098722415,0.42044134727061555,45.94947735191638,1722.0,10.0,1972.0,2247.0,2279.0,2320.0,2184.0,1.1533101045296168
5,24,5_24,0.0,0.7564164648910412,0.3840193704600484,41.8590799031477,2065.0,10.0,1722.0,1972.0,2247.0,2279.0,2320.0,1.002905569007264
5,25,5_25,1.0,0.7969201154956689,1.1073147256977864,32.15351299326275,2078.0,10.0,2065.0,1722.0,1972.0,2247.0,2279.0,0.7685274302213667
5,26,5_26,1.0,0.9552469135802469,0.9135802469135802,37.39660493827161,2592.0,10.0,2078.0,2065.0,1722.0,1972.0,2247.0,0.9359567901234568
5,27,5_27,1.0,0.9713500784929356,0.7425431711145997,41.53100470957614,2548.0,10.0,2592.0,2078.0,2065.0,1722.0,1972.0,1.031004709576138
5,28,5_28,1.0,0.9497299542999584,0.6256751142501039,43.61611965101786,2407.0,10.0,2548.0,2592.0,2078.0,2065.0,1722.0,1.1063564603240548
5,29,5_29,1.0,0.9521929824561404,0.5276315789473685,43.89517543859649,2280.0,10.0,2407.0,2548.0,2592.0,2078.0,2065.0,1.1394736842105264
5,30,5_30,1.0,0.9382022471910112,0.5829732065687122,45.162489196197065,2314.0,10.0,2280.0,2407.0,2548.0,2592.0,2078.0,1.132238547968885
5,31,5_31,1.0,0.9283290924512299,0.5288379983036472,44.416454622561496,2358.0,10.0,2314.0,2280.0,2407.0,2548.0,2592.0,1.0784563189143341
5,32,5_32,1.0,0.8368972746331237,0.4960167714884696,43.98993710691824,2385.0,10.0,2358.0,2314.0,2280.0,2407.0,2548.0,1.1132075471698113
5,33,5_33,1.0,1.009691629955947,0.4,46.44757709251101,2270.0,10.0,2385.0,2358.0,2314.0,2280.0,2407.0,1.144933920704846
5,34,5_34,1.0,0.8818011257035647,0.4849906191369606,46.00844277673546,2132.0,10.0,2270.0,2385.0,2358.0,2314.0,2280.0,1.1538461538461537
5,35,5_35,0.0,0.9975210708973723,0.4447198810114031,46.29400099157164,2017.0,10.0,2132.0,2270.0,2385.0,2358.0,2314.0,1.1670798215171045
5,36,5_36,0.0,0.9897435897435898,0.3958974358974359,47.61025641025641,1950.0,10.0,2017.0,2132.0,2270.0,2385.0,2358.0,1.2276923076923076
5,37,5_37,1.0,0.8973988439306358,0.4421965317919075,43.947013487475914,2076.0,10.0,1950.0,2017.0,2132.0,2270.0,2385.0,1.0366088631984585
5,38,5_38,0.0,0.971558120362737,0.38705688375927455,44.20898598516076,2426.0,10.0,2076.0,1950.0,2017.0,2132.0,2270.0,1.0523495465787305
5,39,5_39,0.0,0.9136363636363637,0.38227272727272726,45.51590909090909,2200.0,10.0,2426.0,2076.0,1950.0,2017.0,2132.0,1.0754545454545454
5,40,5_40,0.0,0.9423076923076923,0.36682692307692305,46.44230769230769,2080.0,10.0,2200.0,2426.0,2076.0,1950.0,2017.0,1.1091346153846153
5,41,5_41,0.0,0.9085239085239085,0.3586278586278586,46.356029106029105,1924.0,10.0,2080.0,2200.0,2426.0,2076.0,1950.0,1.0836798336798337
5,42,5_42,1.0,0.8869075551384327,0.3603941811356171,45.442515251055845,2131.0,10.0,1924.0,2080.0,2200.0,2426.0,2076.0,1.1374941342092915
5,43,5_43,1.0,1.0478978179882916,0.34433209153805217,47.008515167642365,1879.0,10.0,2131.0,1924.0,2080.0,2200.0,2426.0,1.1522086216072378
5,44,5_44,1.0,0.991001799640072,0.33653269346130776,46.808038392321535,1667.0,10.0,1879.0,2131.0,1924.0,2080.0,2200.0,1.1481703659268145
5,45,5_45,0.0,0.9645693341478314,0.40867440439828956,47.604764813683566,1637.0,10.0,1667.0,1879.0,2131.0,1924.0,2080.0,1.1948686621869273
5,46,5_46,1.0,0.7619453924914675,0.4351535836177474,39.916808873720136,2344.0,10.0,1637.0,1667.0,1879.0,2131.0,1924.0,0.8698805460750854
5,47,5_47,1.0,0.8772549019607843,0.4796078431372549,41.664313725490196,2550.0,10.0,2344.0,1637.0,1667.0,1879.0,2131.0,0.9537254901960784
5,48,5_48,1.0,0.9894128970163619,0.41193455245428295,47.26564003849855,2078.0,10.0,2550.0,2344.0,1637.0,1667.0,1879.0,1.1612127045235803
5,49,5_49,0.0,0.9815595363540569,0.39831401475237094,47.97945205479452,1898.0,10.0,2078.0,2550.0,2344.0,1637.0,1667.0,1.1749209694415175
5,50,5_50,1.0,0.9911556603773585,0.4009433962264151,47.59728773584906,1696.0,10.0,1898.0,2078.0,2550.0,2344.0,1637.0,1.1686320754716981
5,51,5_51,0.0,1.077294685990338,0.42391304347826086,47.45169082125604,1656.0,10.0,1696.0,1898.0,2078.0,2550.0,2344.0,1.1256038647342994
5,52,5_52,0.0,1.0488135593220338,0.3586440677966102,48.07254237288136,1475.0,10.0,1656.0,1696.0,1898.0,2078.0,2550.0,1.2094915254237288
5,53,5_53,0.0,0.9868507560815253,0.36620644312952005,47.34188034188034,1521.0,10.0,1475.0,1656.0,1696.0,1898.0,2078.0,1.123602892833662
5,54,5_54,0.0,0.9656084656084656,0.3776455026455027,46.673280423280424,1512.0,10.0,1521.0,1475.0,1656.0,1696.0,1898.0,1.1157407407407407
5,55,5_55,0.0,1.106369820655535,0.4155844155844156,47.36425479282622,1617.0,10.0,1512.0,1521.0,1475.0,1656.0,1696.0,1.1682127396413111
5,56,5_56,0.0,0.9487719298245614,0.37333333333333335,47.0140350877193,1425.0,10.0,1617.0,1512.0,1521.0,1475.0,1656.0,1.1171929824561404
5,57,5_57,1.0,0.9697309417040358,0.36434977578475336,44.278587443946186,1784.0,10.0,1425.0,1617.0,1512.0,1521.0,1475.0,1.0016816143497758
5,58,5_58,1.0,1.1238253178551687,0.3427307904919845,46.486456605859594,1809.0,10.0,1784.0,1425.0,1617.0,1512.0,1521.0,1.2233278054173577
5,59,5_59,1.0,1.1211993243243243,0.3091216216216216,42.595016891891895,2368.0,10.0,1809.0,1784.0,1425.0,1617.0,1512.0,1.2694256756756757
5,60,5_60,1.0,1.185299295774648,0.301056338028169,46.054137323943664,2272.0,10.0,2368.0,1809.0,1784.0,1425.0,1617.0,1.3230633802816902
5,61,5_61,1.0,1.2351274787535411,0.4169027384324835,49.01699716713881,2118.0,10.0,2272.0,2368.0,1809.0,1784.0,1425.0,1.3248347497639283
5,62,5_62,1.0,1.252365930599369,0.3774973711882229,49.15036803364879,1902.0,10.0,2118.0,2272.0,2368.0,1809.0,1784.0,1.2539432176656151
5,63,5_63,1.0,1.2289023717595147,0.3849972421400993,48.46993932708219,1813.0,10.0,1902.0,2118.0,2272.0,2368.0,1809.0,1.247104247104247
5,64,5_64,1.0,0.9958033573141487,0.3669064748201439,46.87709832134293,1668.0,10.0,1813.0,1902.0,2118.0,2272.0,2368.0,1.2559952038369304
5,65,5_65,1.0,1.109355246523388,0.37357774968394436,48.077749683944376,1582.0,10.0,1668.0,1813.0,1902.0,2118.0,2272.0,1.2395701643489254
5,66,5_66,1.0,1.0635026737967914,0.37232620320855614,47.79144385026738,1496.0,10.0,1582.0,1668.0,1813.0,1902.0,2118.0,1.2252673796791445
5,67,5_67,1.0,1.0633903133903133,0.42236467236467234,48.0014245014245,1404.0,10.0,1496.0,1582.0,1668.0,1813.0,1902.0,1.2386039886039886
5,68,5_68,1.0,1.1023738872403561,0.443620178041543,49.70994065281899,1348.0,10.0,1404.0,1496.0,1582.0,1668.0,1813.0,1.2047477744807122
5,69,5_69,1.0,1.066403162055336,0.43636363636363634,47.34466403162055,1265.0,10.0,1348.0,1404.0,1496.0,1582.0,1668.0,1.2031620553359683
5,70,5_70,0.0,1.0823970037453183,0.4337078651685393,49.34307116104869,1335.0,10.0,1265.0,1348.0,1404.0,1496.0,1582.0,1.2217228464419476
5,71,5_71,1.0,1.108854589764419,0.487408610885459,48.132412672623886,1231.0,10.0,1335.0,1265.0,1348.0,1404.0,1496.0,1.255889520714866
5,72,5_72,1.0,1.0705357142857144,0.48125,48.433035714285715,1120.0,10.0,1231.0,1335.0,1265.0,1348.0,1404.0,1.2366071428571428
5,73,5_73,0.0,1.022875816993464,0.4387254901960784,48.76552287581699,1224.0,10.0,1120.0,1231.0,1335.0,1265.0,1348.0,1.2369281045751634
5,74,5_74,1.0,1.1095717884130982,0.49433249370277077,45.17695214105793,1588.0,10.0,1224.0,1120.0,1231.0,1335.0,1265.0,1.2210327455919396
5,75,5_75,1.0,1.1332116788321167,0.5200729927007299,44.141119221411195,1644.0,10.0,1588.0,1224.0,1120.0,1231.0,1335.0,1.2341849148418491
5,76,5_76,1.0,1.15695067264574,0.47458893871449925,45.7406576980568,1338.0,10.0,1644.0,1588.0,1224.0,1120.0,1231.0,1.2727952167414052
5,77,5_77,1.0,1.1751227495908347,0.3436988543371522,47.11865793780687,1222.0,10.0,1338.0,1644.0,1588.0,1224.0,1120.0,1.2037643207855975
5,78,5_78,0.0,1.1185567010309279,0.35051546391752575,47.762027491408936,1164.0,10.0,1222.0,1338.0,1644.0,1588.0,1224.0,1.220790378006873
5,79,5_79,1.0,1.1261410788381743,0.375103734439834,46.54107883817427,1205.0,10.0,1164.0,1222.0,1338.0,1644.0,1588.0,1.1950207468879668
5,80,5_80,0.0,1.111286503551697,0.39542225730071034,47.12391475927387,1267.0,10.0,1205.0,1164.0,1222.0,1338.0,1644.0,1.2138910812943962
5,81,5_81,0.0,1.032490974729242,0.3176895306859206,46.918772563176894,1108.0,10.0,1267.0,1205.0,1164.0,1222.0,1338.0,1.2310469314079422
5,82,5_82,1.0,1.0045126353790614,0.3303249097472924,46.65884476534296,1108.0,10.0,1108.0,1267.0,1205.0,1164.0,1222.0,1.1308664259927799
5,83,5_83,0.0,1.0008285004142503,0.32228666114333054,48.02485501242751,1207.0,10.0,1108.0,1108.0,1267.0,1205.0,1164.0,1.179784589892295
5,84,5_84,1.0,1.0512455516014234,0.3437722419928826,47.48896797153025,1405.0,10.0,1207.0,1108.0,1108.0,1267.0,1205.0,1.0818505338078293
5,85,5_85,1.0,1.0386740331491713,0.4095303867403315,49.12223756906077,1448.0,10.0,1405.0,1207.0,1108.0,1108.0,1267.0,1.1705801104972375
5,86,5_86,0.0,0.9715639810426541,0.34529451591062965,50.15165876777251,1477.0,10.0,1448.0,1405.0,1207.0,1108.0,1108.0,1.3019634394041977
5,87,5_87,0.0,0.9983539094650206,0.35720164609053495,47.388477366255145,1215.0,10.0,1477.0,1448.0,1405.0,1207.0,1108.0,1.1580246913580248
5,88,5_88,0.0,1.006861063464837,0.3644939965694683,46.12178387650086,1166.0,10.0,1215.0,1477.0,1448.0,1405.0,1207.0,1.1912521440823327
5,89,5_89,0.0,0.886736214605067,0.3211624441132638,43.61251862891207,1342.0,10.0,1166.0,1215.0,1477.0,1448.0,1405.0,1.1326378539493294
5,90,5_90,1.0,1.038056206088993,0.30269320843091335,44.53747072599531,1708.0,10.0,1342.0,1166.0,1215.0,1477.0,1448.0,1.1270491803278688
5,91,5_91,0.0,1.194915254237288,0.3403954802259887,48.402542372881356,1416.0,10.0,1708.0,1342.0,1166.0,1215.0,1477.0,1.2175141242937852
5,92,5_92,0.0,1.3698315467075037,0.30857580398162326,48.700612557427256,1306.0,10.0,1416.0,1708.0,1342.0,1166.0,1215.0,1.0428790199081164
5,93,5_93,0.0,1.2791014295439074,0.32266848196051734,48.151803948264124,1469.0,10.0,1306.0,1416.0,1708.0,1342.0,1166.0,1.1613342409802587
5,94,5_94,1.0,1.0532423208191126,0.34744027303754266,47.84914675767918,1465.0,10.0,1469.0,1306.0,1416.0,1708.0,1342.0,1.1372013651877133
5,95,5_95,0.0,1.0276738967838444,0.3949139865370232,47.67988032909499,1337.0,10.0,1465.0,1469.0,1306.0,1416.0,1708.0,1.1211667913238594
5,96,5_96,1.0,0.9795763993948563,0.2874432677760968,45.72012102874433,1322.0,10.0,1337.0,1465.0,1469.0,1306.0,1416.0,1.1875945537065054
5,97,5_97,1.0,0.9196249162759544,0.3583389149363697,44.718017414601476,1493.0,10.0,1322.0,1337.0,1465.0,1469.0,1306.0,1.1694574681848626
5,98,5_98,1.0,1.0177982860909691,0.35860250494396834,46.11404087013843,1517.0,10.0,1493.0,1322.0,1337.0,1465.0,1469.0,1.162162162162162
5,99,5_99,0.0,0.9436524100475221,0.34826883910386963,45.071961982348945,1473.0,10.0,1517.0,1493.0,1322.0,1337.0,1465.0,1.167684996605567
5,100,5_100,0.0,0.9428020565552699,0.33676092544987146,45.72107969151671,1556.0,10.0,1473.0,1517.0,1493.0,1322.0,1337.0,1.2172236503856042
5,101,5_101,1.0,1.0301475304682488,0.3636946760744067,45.865939704939066,1559.0,10.0,1556.0,1473.0,1517.0,1493.0,1322.0,1.1930724823604875
5,102,5_102,0.0,0.932469304229195,0.2994542974079127,45.35266030013643,1466.0,10.0,1559.0,1556.0,1473.0,1517.0,1493.0,1.1241473396998636
5,103,5_103,1.0,0.9465334900117509,0.32314923619271446,44.89541715628672,1702.0,10.0,1466.0,1559.0,1556.0,1473.0,1517.0,1.108695652173913
5,104,5_104,0.0,0.9139851485148515,0.3032178217821782,44.738861386138616,1616.0,10.0,1702.0,1466.0,1559.0,1556.0,1473.0,1.1547029702970297
5,105,5_105,0.0,0.8770595690747782,0.36248415716096327,43.332699619771866,1578.0,10.0,1616.0,1702.0,1466.0,1559.0,1556.0,1.0887198986058302
5,106,5_106,0.0,0.7455570004334634,0.3957520589510186,39.9432162982228,2307.0,10.0,1578.0,1616.0,1702.0,1466.0,1559.0,0.9588209796272215
5,107,5_107,0.0,0.9126059322033898,0.3903601694915254,44.688559322033896,1888.0,10.0,2307.0,1578.0,1616.0,1702.0,1466.0,1.1790254237288136
5,108,5_108,0.0,0.9159497021839841,0.4129715420251489,46.09728656518862,1511.0,10.0,1888.0,2307.0,1578.0,1616.0,1702.0,1.1906022501654534
5,109,5_109,1.0,0.916723087339201,0.3378469871360867,45.46648612051456,1477.0,10.0,1511.0,1888.0,2307.0,1578.0,1616.0,1.1563981042654028
5,110,5_110,1.0,0.8926453143534994,0.37129300118623965,43.639976275207594,1686.0,10.0,1477.0,1511.0,1888.0,2307.0,1578.0,1.1251482799525505
5,111,5_111,1.0,0.8186064616582328,0.5056442195406773,37.61658232775399,2569.0,10.0,1686.0,1477.0,1511.0,1888.0,2307.0,0.8952899961074348
5,112,5_112,0.0,0.9326672458731537,0.3822762814943527,41.62771503040834,2302.0,10.0,2569.0,1686.0,1477.0,1511.0,1888.0,1.036924413553432
5,113,5_113,0.0,0.9192128430864837,0.3474883480062144,43.79388917659244,1931.0,10.0,2302.0,2569.0,1686.0,1477.0,1511.0,1.1538063179699638
5,114,5_114,1.0,0.8906935908691835,0.3568920105355575,43.257243195785776,2278.0,10.0,1931.0,2302.0,2569.0,1686.0,1477.0,1.0978928884986832
5,115,5_115,1.0,0.8269497000461468,0.35209967697277345,43.18966312874942,2167.0,10.0,2278.0,1931.0,2302.0,2569.0,1686.0,1.0932164282418089
5,116,5_116,0.0,0.8639724001971415,0.362247412518482,42.828486939379005,2029.0,10.0,2167.0,2278.0,1931.0,2302.0,2569.0,1.1483489403647116
5,117,5_117,0.0,0.791476407914764,0.36884830035514965,41.18366311516996,1971.0,10.0,2029.0,2167.0,2278.0,1931.0,2302.0,1.0375443937087774
5,118,5_118,0.0,0.8153371529308066,0.35786690171881885,42.8788012340238,2269.0,10.0,1971.0,2029.0,2167.0,2278.0,1931.0,1.0947553988541208
5,119,5_119,0.0,0.8326143226919759,0.3075927523727351,42.904659188955996,2318.0,10.0,2269.0,1971.0,2029.0,2167.0,2278.0,1.1056945642795513
5,120,5_120,1.0,0.7989329776592198,0.33011003667889294,41.552184061353785,2999.0,10.0,2318.0,2269.0,1971.0,2029.0,2167.0,1.1033677892630878
5,121,5_121,1.0,0.7978878368536052,0.3139111434814275,43.222141296431175,2746.0,10.0,2999.0,2318.0,2269.0,1971.0,2029.0,1.1005098324836124
5,122,5_122,0.0,0.7727601156069365,0.32153179190751446,43.16582369942196,2768.0,10.0,2746.0,2999.0,2318.0,2269.0,1971.0,1.0802023121387283
5,123,5_123,0.0,0.8213722397476341,0.34542586750788645,42.097397476340696,2536.0,10.0,2768.0,2746.0,2999.0,2318.0,2269.0,1.0670347003154574
5,124,5_124,1.0,0.7703917790622993,0.7032755298651252,35.71868978805395,3114.0,10.0,2536.0,2768.0,2746.0,2999.0,2318.0,0.838150289017341
5,125,5_125,1.0,0.8022045315370484,0.8022045315370484,38.312921004286586,3266.0,10.0,3114.0,2536.0,2768.0,2746.0,2999.0,0.9387630128597673
5,126,5_126,1.0,0.9155585106382979,0.6226728723404256,43.14627659574468,3008.0,10.0,3266.0,3114.0,2536.0,2768.0,2746.0,1.0475398936170213
5,127,5_127,1.0,0.8858397365532382,0.6223929747530187,45.15770215879985,2733.0,10.0,3008.0,3266.0,3114.0,2536.0,2768.0,1.1039151115989756
5,128,5_128,1.0,0.8935508935508936,0.5528360528360529,45.92696192696193,2574.0,10.0,2733.0,3008.0,3266.0,3114.0,2536.0,1.1146076146076147
5,129,5_129,1.0,0.9008474576271186,0.5902542372881356,47.97542372881356,2360.0,10.0,2574.0,2733.0,3008.0,3266.0,3114.0,1.1673728813559323
7,0,7_0,0.0,3.111888111888112,0.45454545454545453,43.80419580419581,143.0,20.0,0.0,0.0,0.0,0.0,0.0,1.06993006993007
7,1,7_1,0.0,2.857142857142857,0.44285714285714284,42.57142857142857,140.0,20.0,143.0,0.0,0.0,0.0,0.0,1.207142857142857
7,2,7_2,1.0,2.8308457711442787,0.6218905472636815,39.0547263681592,201.0,20.0,140.0,143.0,0.0,0.0,0.0,0.9950248756218906
7,3,7_3,1.0,2.3157894736842106,0.6085526315789473,37.75,304.0,20.0,201.0,140.0,143.0,0.0,0.0,1.049342105263158
7,4,7_4,1.0,2.4017857142857144,0.6964285714285714,38.42559523809524,336.0,20.0,304.0,201.0,140.0,143.0,0.0,1.1547619047619047
7,5,7_5,1.0,2.5329153605015673,0.5454545454545454,39.91849529780564,319.0,20.0,336.0,304.0,201.0,140.0,143.0,1.2037617554858935
7,6,7_6,1.0,2.5565749235474007,0.4831804281345566,39.23853211009175,327.0,20.0,319.0,336.0,304.0,201.0,140.0,1.0061162079510704
7,7,7_7,1.0,2.477832512315271,0.5049261083743842,41.46305418719212,406.0,20.0,327.0,319.0,336.0,304.0,201.0,1.0320197044334976
7,8,7_8,0.0,2.472772277227723,0.7004950495049505,43.17574257425743,404.0,20.0,406.0,327.0,319.0,336.0,304.0,1.0495049504950495
7,9,7_9,1.0,2.5925925925925926,0.6370370370370371,39.44197530864197,405.0,20.0,404.0,406.0,327.0,319.0,336.0,1.0938271604938272
7,10,7_10,1.0,2.802306425041186,0.6457990115321252,36.64909390444811,607.0,20.0,405.0,404.0,406.0,327.0,319.0,1.0049423393739703
7,11,7_11,1.0,2.6029411764705883,0.4950980392156863,37.31617647058823,408.0,20.0,607.0,405.0,404.0,406.0,327.0,1.1200980392156863
7,12,7_12,1.0,2.737012987012987,0.551948051948052,38.55194805194805,308.0,20.0,408.0,607.0,405.0,404.0,406.0,1.0746753246753247
7,13,7_13,0.0,2.7843866171003717,0.5092936802973977,40.89219330855018,269.0,20.0,308.0,408.0,607.0,405.0,404.0,1.1152416356877324
7,14,7_14,0.0,2.6206896551724137,0.3793103448275862,39.400862068965516,232.0,20.0,269.0,308.0,408.0,607.0,405.0,1.0560344827586208
7,15,7_15,0.0,2.6278026905829597,0.4439461883408072,41.82959641255606,223.0,20.0,232.0,269.0,308.0,408.0,607.0,1.2331838565022422
7,16,7_16,0.0,2.940909090909091,0.4681818181818182,45.11818181818182,220.0,20.0,223.0,232.0,269.0,308.0,408.0,1.1590909090909092
7,17,7_17,0.0,2.703488372093023,0.37790697674418605,46.52906976744186,172.0,20.0,220.0,223.0,232.0,269.0,308.0,1.3837209302325582
7,18,7_18,0.0,2.84375,0.4322916666666667,42.036458333333336,192.0,20.0,172.0,220.0,223.0,232.0,269.0,1.1510416666666667
7,19,7_19,0.0,2.672043010752688,0.4032258064516129,44.5,186.0,20.0,192.0,172.0,220.0,223.0,232.0,1.2473118279569892
7,20,7_20,0.0,2.803680981595092,0.4171779141104294,45.47852760736196,163.0,20.0,186.0,192.0,172.0,220.0,223.0,1.0736196319018405
7,21,7_21,0.0,2.3763440860215055,0.5698924731182796,43.6505376344086,186.0,20.0,163.0,186.0,192.0,172.0,220.0,1.0913978494623655
7,22,7_22,1.0,2.6196319018404908,0.2392638036809816,45.00613496932515,163.0,20.0,186.0,163.0,186.0,192.0,172.0,1.116564417177914
7,23,7_23,0.0,2.4627659574468086,0.39893617021276595,44.37234042553192,188.0,20.0,163.0,186.0,163.0,186.0,192.0,1.2446808510638299
7,24,7_24,0.0,2.4327485380116958,0.43859649122807015,43.53216374269006,171.0,20.0,188.0,163.0,186.0,163.0,186.0,1.1111111111111112
7,25,7_25,0.0,2.8057142857142856,0.3314285714285714,43.30285714285714,175.0,20.0,171.0,188.0,163.0,186.0,163.0,1.1657142857142857
7,26,7_26,0.0,2.54375,0.35625,43.44375,160.0,20.0,175.0,171.0,188.0,163.0,186.0,1.075
7,27,7_27,1.0,2.7267080745341614,0.2857142857142857,47.3416149068323,161.0,20.0,160.0,175.0,171.0,188.0,163.0,1.2608695652173914
7,28,7_28,0.0,2.35,0.4222222222222222,41.38333333333333,180.0,20.0,161.0,160.0,175.0,171.0,188.0,1.038888888888889
7,29,7_29,0.0,2.6830601092896176,0.2786885245901639,46.91803278688525,183.0,20.0,180.0,161.0,160.0,175.0,171.0,1.1420765027322404
7,30,7_30,0.0,2.9148936170212765,0.4326241134751773,48.97163120567376,141.0,20.0,183.0,180.0,161.0,160.0,175.0,1.2411347517730495
7,31,7_31,0.0,2.964788732394366,0.3591549295774648,49.021126760563384,142.0,20.0,141.0,183.0,180.0,161.0,160.0,1.2887323943661972
7,32,7_32,0.0,2.493333333333333,0.23333333333333334,45.36,150.0,20.0,142.0,141.0,183.0,180.0,161.0,1.0866666666666667
7,33,7_33,0.0,2.537037037037037,0.25925925925925924,46.623456790123456,162.0,20.0,150.0,142.0,141.0,183.0,180.0,1.1666666666666667
7,34,7_34,0.0,2.9583333333333335,0.3333333333333333,54.266666666666666,120.0,20.0,162.0,150.0,142.0,141.0,183.0,1.4916666666666667
7,35,7_35,1.0,2.3417721518987342,0.34810126582278483,45.607594936708864,158.0,20.0,120.0,162.0,150.0,142.0,141.0,1.018987341772152
7,36,7_36,0.0,2.358108108108108,0.22972972972972974,44.939189189189186,148.0,20.0,158.0,120.0,162.0,150.0,142.0,0.8716216216216216
7,37,7_37,0.0,2.88,0.488,51.104,125.0,20.0,148.0,158.0,120.0,162.0,150.0,1.232
7,38,7_38,0.0,2.4863013698630136,0.3219178082191781,44.75342465753425,146.0,20.0,125.0,148.0,158.0,120.0,162.0,1.2054794520547945
7,39,7_39,0.0,2.377049180327869,0.32786885245901637,44.52459016393443,122.0,20.0,146.0,125.0,148.0,158.0,120.0,1.0655737704918034
7,40,7_40,0.0,3.125984251968504,0.2992125984251969,48.039370078740156,127.0,20.0,122.0,146.0,125.0,148.0,158.0,1.2755905511811023
7,41,7_41,0.0,2.437086092715232,0.2913907284768212,43.83443708609271,151.0,20.0,127.0,122.0,146.0,125.0,148.0,1.2450331125827814
7,42,7_42,0.0,2.658536585365854,0.25,48.073170731707314,164.0,20.0,151.0,127.0,122.0,146.0,125.0,1.1951219512195121
7,43,7_43,0.0,2.4308510638297873,0.3882978723404255,43.787234042553195,188.0,20.0,164.0,151.0,127.0,122.0,146.0,0.9787234042553191
7,44,7_44,0.0,2.4683544303797467,0.3860759493670886,43.962025316455694,158.0,20.0,188.0,164.0,151.0,127.0,122.0,1.0506329113924051
7,45,7_45,1.0,2.2211538461538463,0.5576923076923077,45.99038461538461,208.0,20.0,158.0,188.0,164.0,151.0,127.0,0.9903846153846154
7,46,7_46,1.0,2.6785714285714284,0.44642857142857145,46.404761904761905,168.0,20.0,208.0,158.0,188.0,164.0,151.0,1.1845238095238095
7,47,7_47,1.0,2.3597122302158273,0.5683453237410072,42.9568345323741,139.0,20.0,168.0,208.0,158.0,188.0,164.0,1.1223021582733812
7,48,7_48,1.0,2.41726618705036,0.4748201438848921,46.56115107913669,139.0,20.0,139.0,168.0,208.0,158.0,188.0,1.0287769784172662
7,49,7_49,1.0,2.1926605504587156,0.5688073394495413,42.89908256880734,218.0,20.0,139.0,139.0,168.0,208.0,158.0,0.8256880733944955
7,50,7_50,1.0,1.8933333333333333,0.6053333333333333,41.312,375.0,20.0,218.0,139.0,139.0,168.0,208.0,0.8053333333333333
7,51,7_51,1.0,2.2848837209302326,0.3313953488372093,46.616279069767444,172.0,20.0,375.0,218.0,139.0,139.0,168.0,1.1162790697674418
7,52,7_52,1.0,2.588785046728972,0.32242990654205606,48.004672897196265,214.0,20.0,172.0,375.0,218.0,139.0,139.0,1.1261682242990654
7,53,7_53,0.0,2.5374149659863945,0.4013605442176871,50.04761904761905,147.0,20.0,214.0,172.0,375.0,218.0,139.0,1.251700680272109
7,54,7_54,1.0,2.4232804232804233,0.41798941798941797,47.735449735449734,189.0,20.0,147.0,214.0,172.0,375.0,218.0,1.1428571428571428
7,55,7_55,0.0,2.4394904458598727,0.3057324840764331,46.152866242038215,157.0,20.0,189.0,147.0,214.0,172.0,375.0,1.0955414012738853
7,56,7_56,1.0,2.7777777777777777,0.2698412698412698,39.12698412698413,252.0,20.0,157.0,189.0,147.0,214.0,172.0,1.2142857142857142
7,57,7_57,1.0,3.0563002680965146,0.2734584450402145,41.99195710455764,373.0,20.0,252.0,157.0,189.0,147.0,214.0,1.3592493297587132
7,58,7_58,1.0,3.2490118577075098,0.28063241106719367,49.873517786561266,253.0,20.0,373.0,252.0,157.0,189.0,147.0,1.4624505928853755
7,59,7_59,1.0,3.2935323383084576,0.23880597014925373,48.16417910447761,201.0,20.0,253.0,373.0,252.0,157.0,189.0,1.308457711442786
7,60,7_60,1.0,3.204081632653061,0.40816326530612246,49.89795918367347,147.0,20.0,201.0,253.0,373.0,252.0,157.0,1.3605442176870748
7,61,7_61,1.0,3.2892561983471076,0.49586776859504134,52.256198347107436,121.0,20.0,147.0,201.0,253.0,373.0,252.0,1.5950413223140496
7,62,7_62,1.0,2.9072164948453607,0.4329896907216495,45.24742268041237,97.0,20.0,121.0,147.0,201.0,253.0,373.0,1.402061855670103
7,63,7_63,1.0,2.7471264367816093,0.27586206896551724,52.59770114942529,87.0,20.0,97.0,121.0,147.0,201.0,253.0,1.4022988505747127
7,64,7_64,1.0,3.2162162162162162,0.33783783783783783,49.9054054054054,74.0,20.0,87.0,97.0,121.0,147.0,201.0,1.4054054054054055
7,65,7_65,0.0,2.986842105263158,0.5921052631578947,52.4078947368421,76.0,20.0,74.0,87.0,97.0,121.0,147.0,1.263157894736842
7,66,7_66,0.0,2.8405797101449277,0.2608695652173913,52.072463768115945,69.0,20.0,76.0,74.0,87.0,97.0,121.0,1.2463768115942029
7,67,7_67,0.0,2.611764705882353,0.38823529411764707,48.71764705882353,85.0,20.0,69.0,76.0,74.0,87.0,97.0,1.1411764705882352
7,68,7_68,0.0,2.7,0.35714285714285715,52.3,70.0,20.0,85.0,69.0,76.0,74.0,87.0,1.6571428571428573
7,69,7_69,0.0,2.9019607843137254,0.39215686274509803,48.64705882352941,51.0,20.0,70.0,85.0,69.0,76.0,74.0,1.2352941176470589
7,70,7_70,0.0,2.84,0.5866666666666667,46.68,75.0,20.0,51.0,70.0,85.0,69.0,76.0,1.2
7,71,7_71,0.0,2.4193548387096775,0.5268817204301075,46.494623655913976,93.0,20.0,75.0,51.0,70.0,85.0,69.0,1.3548387096774193
7,72,7_72,1.0,2.6788990825688073,0.5412844036697247,44.95412844036697,109.0,20.0,93.0,75.0,51.0,70.0,85.0,1.2660550458715596
7,73,7_73,1.0,2.723404255319149,0.5691489361702128,41.78191489361702,188.0,20.0,109.0,93.0,75.0,51.0,70.0,1.3563829787234043
7,74,7_74,1.0,2.8666666666666667,0.49166666666666664,44.25,120.0,20.0,188.0,109.0,93.0,75.0,51.0,1.2666666666666666
7,75,7_75,1.0,2.739130434782609,0.5217391304347826,44.36231884057971,138.0,20.0,120.0,188.0,109.0,93.0,75.0,1.181159420289855
7,76,7_76,0.0,2.9887640449438204,0.2696629213483146,45.10112359550562,89.0,20.0,138.0,120.0,188.0,109.0,93.0,1.101123595505618
7,77,7_77,1.0,2.4343434343434343,0.6161616161616161,46.73737373737374,99.0,20.0,89.0,138.0,120.0,188.0,109.0,1.1111111111111112
7,78,7_78,1.0,2.7142857142857144,0.34285714285714286,49.695238095238096,105.0,20.0,99.0,89.0,138.0,120.0,188.0,1.2380952380952381
7,79,7_79,0.0,2.6515151515151514,0.3181818181818182,47.333333333333336,66.0,20.0,105.0,99.0,89.0,138.0,120.0,1.0303030303030303
7,80,7_80,0.0,2.488372093023256,0.4186046511627907,45.848837209302324,86.0,20.0,66.0,105.0,99.0,89.0,138.0,1.2093023255813953
7,81,7_81,0.0,2.3855421686746987,0.42168674698795183,44.963855421686745,83.0,20.0,86.0,66.0,105.0,99.0,89.0,1.144578313253012
7,82,7_82,0.0,3.021978021978022,0.18681318681318682,46.417582417582416,91.0,20.0,83.0,86.0,66.0,105.0,99.0,1.1978021978021978
7,83,7_83,0.0,2.5288461538461537,0.38461538461538464,48.31730769230769,104.0,20.0,91.0,83.0,86.0,66.0,105.0,1.1153846153846154
7,84,7_84,1.0,2.6666666666666665,0.27586206896551724,48.689655172413794,87.0,20.0,104.0,91.0,83.0,86.0,66.0,1.2528735632183907
7,85,7_85,0.0,2.6407766990291264,0.2912621359223301,49.213592233009706,103.0,20.0,87.0,104.0,91.0,83.0,86.0,1.3495145631067962
7,86,7_86,0.0,2.5972222222222223,0.20833333333333334,46.083333333333336,72.0,20.0,103.0,87.0,104.0,91.0,83.0,1.3611111111111112
7,87,7_87,0.0,2.7444444444444445,0.26666666666666666,50.12222222222222,90.0,20.0,72.0,103.0,87.0,104.0,91.0,1.5
7,88,7_88,0.0,2.808219178082192,0.3150684931506849,42.67123287671233,73.0,20.0,90.0,72.0,103.0,87.0,104.0,1.1643835616438356
7,89,7_89,0.0,2.75,0.325,49.8375,80.0,20.0,73.0,90.0,72.0,103.0,87.0,1.2
7,90,7_90,0.0,2.5670103092783507,0.3402061855670103,44.865979381443296,97.0,20.0,80.0,73.0,90.0,72.0,103.0,1.2577319587628866
7,91,7_91,0.0,2.339622641509434,0.29245283018867924,45.216981132075475,106.0,20.0,97.0,80.0,73.0,90.0,72.0,1.0
7,92,7_92,1.0,2.248447204968944,0.36024844720496896,43.57142857142857,161.0,20.0,106.0,97.0,80.0,73.0,90.0,0.9254658385093167
7,93,7_93,1.0,2.3392857142857144,0.2916666666666667,49.25,168.0,20.0,161.0,106.0,97.0,80.0,73.0,1.0119047619047619
7,94,7_94,0.0,2.4162162162162164,0.31351351351351353,47.545945945945945,185.0,20.0,168.0,161.0,106.0,97.0,80.0,0.8702702702702703
7,95,7_95,1.0,2.1782945736434107,0.3953488372093023,45.542635658914726,129.0,20.0,185.0,168.0,161.0,106.0,97.0,0.9767441860465116
7,96,7_96,1.0,2.3141025641025643,0.28846153846153844,43.87820512820513,156.0,20.0,129.0,185.0,168.0,161.0,106.0,0.9423076923076923
7,97,7_97,1.0,2.263959390862944,0.39593908629441626,43.15228426395939,197.0,20.0,156.0,129.0,185.0,168.0,161.0,0.9086294416243654
7,98,7_98,1.0,2.378787878787879,0.3333333333333333,42.765151515151516,132.0,20.0,197.0,156.0,129.0,185.0,168.0,0.9848484848484849
7,99,7_99,1.0,2.6504065040650406,0.3252032520325203,47.78861788617886,123.0,20.0,132.0,197.0,156.0,129.0,185.0,0.9512195121951219
7,100,7_100,0.0,2.6310679611650487,0.33980582524271846,48.019417475728154,103.0,20.0,123.0,132.0,197.0,156.0,129.0,1.3300970873786409
7,101,7_101,0.0,2.25,0.3148148148148148,47.05555555555556,108.0,20.0,103.0,123.0,132.0,197.0,156.0,1.1574074074074074
7,102,7_102,1.0,2.52212389380531,0.6017699115044248,46.72566371681416,113.0,20.0,108.0,103.0,123.0,132.0,197.0,1.0530973451327434
7,103,7_103,1.0,2.1228070175438596,0.42105263157894735,46.09649122807018,114.0,20.0,113.0,108.0,103.0,123.0,132.0,1.0701754385964912
7,104,7_104,1.0,1.6969026548672566,1.2455752212389382,30.053097345132745,452.0,20.0,114.0,113.0,108.0,103.0,123.0,0.584070796460177
7,105,7_105,1.0,1.8547589616810878,1.169344870210136,33.200247218788626,1618.0,20.0,452.0,114.0,113.0,108.0,103.0,0.7639060568603214
7,106,7_106,1.0,2.156769596199525,1.0554235946159938,40.57878068091845,1263.0,20.0,1618.0,452.0,114.0,113.0,108.0,0.9897070467141726
7,107,7_107,1.0,2.3189655172413794,0.9195402298850575,44.83477011494253,696.0,20.0,1263.0,1618.0,452.0,114.0,113.0,1.0775862068965518
7,108,7_108,1.0,2.258312020460358,0.9462915601023018,45.21994884910486,391.0,20.0,696.0,1263.0,1618.0,452.0,114.0,1.0895140664961638
7,109,7_109,1.0,2.419795221843003,0.689419795221843,45.71331058020478,293.0,20.0,391.0,696.0,1263.0,1618.0,452.0,1.075085324232082
7,110,7_110,1.0,2.4009661835748792,0.5120772946859904,46.71497584541063,207.0,20.0,293.0,391.0,696.0,1263.0,1618.0,1.1111111111111112
7,111,7_111,1.0,2.109375,0.4895833333333333,44.432291666666664,192.0,20.0,207.0,293.0,391.0,696.0,1263.0,1.2135416666666667
7,112,7_112,0.0,2.4031007751937983,0.4728682170542636,47.736434108527135,129.0,20.0,192.0,207.0,293.0,391.0,696.0,1.1085271317829457
7,113,7_113,1.0,2.2714285714285714,0.5642857142857143,46.16428571428571,140.0,20.0,129.0,192.0,207.0,293.0,391.0,1.0857142857142856
7,114,7_114,1.0,2.1953125,0.5,45.1015625,128.0,20.0,140.0,129.0,192.0,207.0,293.0,1.1171875
7,115,7_115,1.0,2.5680473372781063,0.39644970414201186,50.071005917159766,169.0,20.0,128.0,140.0,129.0,192.0,207.0,1.2662721893491125
7,116,7_116,0.0,2.15625,0.425,47.6875,160.0,20.0,169.0,128.0,140.0,129.0,192.0,1.05
7,117,7_117,0.0,2.2822085889570554,0.3067484662576687,49.079754601226995,163.0,20.0,160.0,169.0,128.0,140.0,129.0,1.0736196319018405
7,118,7_118,1.0,2.3540372670807455,0.34782608695652173,44.88198757763975,161.0,20.0,163.0,160.0,169.0,128.0,140.0,0.9130434782608695
7,119,7_119,1.0,1.7270051508462105,1.0713760117733628,31.731420161883737,1359.0,20.0,161.0,163.0,160.0,169.0,128.0,0.6100073583517293
7,120,7_120,0.0,1.946526736631684,1.0334832583708147,39.20039980009995,2001.0,20.0,1359.0,161.0,163.0,160.0,169.0,0.8255872063968016
7,121,7_121,0.0,2.2931556632344035,0.7571168988491823,41.12174439733495,1651.0,20.0,2001.0,1359.0,161.0,163.0,160.0,0.9951544518473653
7,122,7_122,0.0,2.4722427831236122,0.7068837897853442,43.93042190969652,1351.0,20.0,1651.0,2001.0,1359.0,161.0,163.0,1.1280532938564027
7,123,7_123,1.0,2.6288546255506606,0.5352422907488987,48.72907488986784,908.0,20.0,1351.0,1651.0,2001.0,1359.0,161.0,1.1343612334801763
7,124,7_124,1.0,2.7065217391304346,0.546583850931677,50.504658385093165,644.0,20.0,908.0,1351.0,1651.0,2001.0,1359.0,1.25
7,125,7_125,1.0,2.7299412915851273,0.6418786692759295,51.262230919765166,511.0,20.0,644.0,908.0,1351.0,1651.0,2001.0,1.1311154598825832
7,126,7_126,1.0,2.586206896551724,0.4408866995073892,50.01477832512315,406.0,20.0,511.0,644.0,908.0,1351.0,1651.0,1.1995073891625616
7,127,7_127,1.0,2.687878787878788,0.4,49.71818181818182,330.0,20.0,406.0,511.0,644.0,908.0,1351.0,1.096969696969697
7,128,7_128,1.0,2.7653061224489797,0.3877551020408163,51.07823129251701,294.0,20.0,330.0,406.0,511.0,644.0,908.0,1.119047619047619
7,129,7_129,1.0,2.88,0.4177777777777778,53.702222222222225,225.0,20.0,294.0,330.0,406.0,511.0,644.0,1.271111111111111
8,0,8_0,0.0,2.7734375,0.6015625,43.4765625,128.0,55.0,0.0,0.0,0.0,0.0,0.0,1.171875
8,1,8_1,0.0,2.888059701492537,0.3582089552238806,44.41044776119403,134.0,55.0,128.0,0.0,0.0,0.0,0.0,1.0223880597014925
8,2,8_2,0.0,2.6392694063926943,0.593607305936073,39.3013698630137,219.0,55.0,134.0,128.0,0.0,0.0,0.0,1.2328767123287672
8,3,8_3,0.0,2.4552845528455283,0.532520325203252,39.32113821138211,246.0,55.0,219.0,134.0,128.0,0.0,0.0,1.1910569105691058
8,4,8_4,0.0,2.63302752293578,0.6513761467889908,41.27064220183486,218.0,55.0,246.0,219.0,134.0,128.0,0.0,1.0779816513761469
8,5,8_5,0.0,2.505928853754941,0.48616600790513836,42.07114624505929,253.0,55.0,218.0,246.0,219.0,134.0,128.0,1.1422924901185771
8,6,8_6,1.0,2.187301587301587,0.4253968253968254,42.853968253968254,315.0,55.0,253.0,218.0,246.0,219.0,134.0,0.9650793650793651
8,7,8_7,1.0,2.0089887640449438,0.5325842696629214,41.04269662921348,445.0,55.0,315.0,253.0,218.0,246.0,219.0,0.8606741573033708
8,8,8_8,1.0,2.321533923303835,0.5191740412979351,45.660766961651916,339.0,55.0,445.0,315.0,253.0,218.0,246.0,1.0147492625368733
8,9,8_9,1.0,2.6615853658536586,0.5396341463414634,44.09451219512195,328.0,55.0,339.0,445.0,315.0,253.0,218.0,0.9969512195121951
8,10,8_10,1.0,2.7454545454545456,0.5737373737373738,39.25050505050505,495.0,55.0,328.0,339.0,445.0,315.0,253.0,1.006060606060606
8,11,8_11,1.0,2.4393203883495147,0.4684466019417476,39.39563106796116,412.0,55.0,495.0,328.0,339.0,445.0,315.0,1.0097087378640777
8,12,8_12,1.0,2.178048780487805,0.4853658536585366,35.74878048780488,410.0,55.0,412.0,495.0,328.0,339.0,445.0,0.8512195121951219
8,13,8_13,1.0,2.1003937007874014,0.5374015748031497,37.71653543307087,508.0,55.0,410.0,412.0,495.0,328.0,339.0,0.9488188976377953
8,14,8_14,0.0,2.423076923076923,0.43131868131868134,44.002747252747255,364.0,55.0,508.0,410.0,412.0,495.0,328.0,1.0961538461538463
8,15,8_15,1.0,2.2743682310469313,0.45126353790613716,42.981949458483754,277.0,55.0,364.0,508.0,410.0,412.0,495.0,1.0794223826714802
8,16,8_16,1.0,2.3812709030100336,0.26421404682274247,46.48829431438127,299.0,55.0,277.0,364.0,508.0,410.0,412.0,1.2006688963210703
8,17,8_17,1.0,2.5373831775700935,0.35046728971962615,44.39719626168224,214.0,55.0,299.0,277.0,364.0,508.0,410.0,1.0420560747663552
8,18,8_18,0.0,2.455026455026455,0.32275132275132273,47.370370370370374,189.0,55.0,214.0,299.0,277.0,364.0,508.0,1.2116402116402116
8,19,8_19,0.0,2.1043956043956045,0.5274725274725275,42.565934065934066,182.0,55.0,189.0,214.0,299.0,277.0,364.0,1.054945054945055
8,20,8_20,0.0,2.420814479638009,0.3393665158371041,46.09049773755656,221.0,55.0,182.0,189.0,214.0,299.0,277.0,1.085972850678733
8,21,8_21,0.0,2.3101604278074865,0.41711229946524064,44.62566844919786,187.0,55.0,221.0,182.0,189.0,214.0,299.0,1.0588235294117647
8,22,8_22,0.0,2.2935323383084576,0.23880597014925373,47.53233830845771,201.0,55.0,187.0,221.0,182.0,189.0,214.0,1.044776119402985
8,23,8_23,0.0,2.0711610486891385,0.26591760299625467,40.99625468164794,267.0,55.0,201.0,187.0,221.0,182.0,189.0,0.9588014981273408
8,24,8_24,0.0,2.126086956521739,0.2391304347826087,43.243478260869566,230.0,55.0,267.0,201.0,187.0,221.0,182.0,1.0521739130434782
8,25,8_25,1.0,2.1929133858267718,0.35826771653543305,42.153543307086615,254.0,55.0,230.0,267.0,201.0,187.0,221.0,1.0078740157480315
8,26,8_26,1.0,1.9625,0.6354166666666666,37.42916666666667,480.0,55.0,254.0,230.0,267.0,201.0,187.0,0.8270833333333333
8,27,8_27,1.0,1.931201550387597,0.9428294573643411,36.872093023255815,1032.0,55.0,480.0,254.0,230.0,267.0,201.0,0.8323643410852714
8,28,8_28,1.0,2.1253918495297808,0.8526645768025078,42.09508881922675,957.0,55.0,1032.0,480.0,254.0,230.0,267.0,1.1494252873563218
8,29,8_29,1.0,2.2056239015817223,0.5957820738137083,45.85940246045694,569.0,55.0,957.0,1032.0,480.0,254.0,230.0,1.2179261862917399
8,30,8_30,1.0,2.104,0.618,43.784,500.0,55.0,569.0,957.0,1032.0,480.0,254.0,1.196
8,31,8_31,1.0,1.9369202226345084,0.5064935064935064,40.4378478664193,539.0,55.0,500.0,569.0,957.0,1032.0,480.0,1.0204081632653061
8,32,8_32,1.0,2.175059952038369,0.4172661870503597,45.68585131894484,417.0,55.0,539.0,500.0,569.0,957.0,1032.0,1.2062350119904077
8,33,8_33,1.0,2.1305841924398625,0.38144329896907214,47.965635738831615,291.0,55.0,417.0,539.0,500.0,569.0,957.0,1.2233676975945018
8,34,8_34,1.0,2.056390977443609,0.5375939849624061,44.71804511278196,266.0,55.0,291.0,417.0,539.0,500.0,569.0,1.2669172932330828
8,35,8_35,0.0,2.065743944636678,0.35986159169550175,43.522491349480966,289.0,55.0,266.0,291.0,417.0,539.0,500.0,1.1418685121107266
8,36,8_36,1.0,1.973021582733813,0.802158273381295,32.57464028776978,1112.0,55.0,289.0,266.0,291.0,417.0,539.0,0.8758992805755396
8,37,8_37,1.0,2.118314424635332,0.7479740680713128,38.796596434359806,1234.0,55.0,1112.0,289.0,266.0,291.0,417.0,1.0105348460291734
8,38,8_38,1.0,2.169491525423729,0.7215496368038741,42.460048426150124,826.0,55.0,1234.0,1112.0,289.0,266.0,291.0,1.0351089588377724
8,39,8_39,1.0,2.1798107255520507,0.5394321766561514,43.84069400630915,634.0,55.0,826.0,1234.0,1112.0,289.0,266.0,1.0962145110410095
8,40,8_40,1.0,2.224400871459695,0.5359477124183006,48.854030501089326,459.0,55.0,634.0,826.0,1234.0,1112.0,289.0,1.2723311546840959
8,41,8_41,1.0,2.3815028901734103,0.4913294797687861,50.28034682080925,346.0,55.0,459.0,634.0,826.0,1234.0,1112.0,1.2890173410404624
8,42,8_42,1.0,2.2576271186440677,0.4,49.433898305084746,295.0,55.0,346.0,459.0,634.0,826.0,1234.0,1.2779661016949153
8,43,8_43,1.0,2.139393939393939,0.4121212121212121,44.46666666666667,330.0,55.0,295.0,346.0,459.0,634.0,826.0,1.209090909090909
8,44,8_44,1.0,1.7694267515923567,0.9273885350318471,33.185987261146494,785.0,55.0,330.0,295.0,346.0,459.0,634.0,0.7312101910828025
8,45,8_45,1.0,1.9822190611664297,1.0839260312944523,37.542674253200566,1406.0,55.0,785.0,330.0,295.0,346.0,459.0,0.9132290184921764
8,46,8_46,1.0,2.107737512242899,0.7091087169441724,42.3741429970617,1021.0,55.0,1406.0,785.0,330.0,295.0,346.0,1.0352595494613124
8,47,8_47,1.0,2.147517730496454,0.5815602836879432,45.161702127659574,705.0,55.0,1021.0,1406.0,785.0,330.0,295.0,1.2368794326241135
8,48,8_48,1.0,2.0657894736842106,0.5131578947368421,44.10526315789474,456.0,55.0,705.0,1021.0,1406.0,785.0,330.0,1.243421052631579
8,49,8_49,1.0,2.147727272727273,0.4431818181818182,48.44602272727273,352.0,55.0,456.0,705.0,1021.0,1406.0,785.0,1.2926136363636365
8,50,8_50,1.0,2.051948051948052,0.4155844155844156,47.97077922077922,308.0,55.0,352.0,456.0,705.0,1021.0,1406.0,1.198051948051948
8,51,8_51,1.0,2.1254901960784314,0.3058823529411765,48.96862745098039,255.0,55.0,308.0,352.0,456.0,705.0,1021.0,1.3254901960784313
8,52,8_52,1.0,2.3807106598984773,0.45685279187817257,51.11675126903553,197.0,55.0,255.0,308.0,352.0,456.0,705.0,1.4568527918781726
8,53,8_53,1.0,2.130630630630631,0.509009009009009,49.0045045045045,222.0,55.0,197.0,255.0,308.0,352.0,456.0,1.1936936936936937
8,54,8_54,1.0,2.018867924528302,0.3867924528301887,48.113207547169814,212.0,55.0,222.0,197.0,255.0,308.0,352.0,1.3726415094339623
8,55,8_55,1.0,2.0964467005076144,0.3299492385786802,46.954314720812185,197.0,55.0,212.0,222.0,197.0,255.0,308.0,1.3045685279187818
8,56,8_56,1.0,1.801699716713881,0.47875354107648727,37.63172804532578,706.0,55.0,197.0,212.0,222.0,197.0,255.0,0.9305949008498584
8,57,8_57,1.0,2.311627906976744,0.3302325581395349,42.65891472868217,645.0,55.0,706.0,197.0,212.0,222.0,197.0,1.2046511627906977
8,58,8_58,1.0,2.501138952164009,0.3712984054669704,49.33029612756264,439.0,55.0,645.0,706.0,197.0,212.0,222.0,1.3895216400911161
8,59,8_59,1.0,2.6489028213166144,0.40752351097178685,49.38244514106583,319.0,55.0,439.0,645.0,706.0,197.0,212.0,1.3573667711598747
8,60,8_60,0.0,2.5789473684210527,0.44534412955465585,47.86234817813765,247.0,55.0,319.0,439.0,645.0,706.0,197.0,1.3481781376518218
8,61,8_61,1.0,2.385,0.33,51.485,200.0,55.0,247.0,319.0,439.0,645.0,706.0,1.46
8,62,8_62,1.0,2.4696969696969697,0.2777777777777778,49.98989898989899,198.0,55.0,200.0,247.0,319.0,439.0,645.0,1.3232323232323233
8,63,8_63,1.0,2.234042553191489,0.2978723404255319,50.537234042553195,188.0,55.0,198.0,200.0,247.0,319.0,439.0,1.4148936170212767
8,64,8_64,1.0,2.7364864864864864,0.30405405405405406,51.317567567567565,148.0,55.0,188.0,198.0,200.0,247.0,319.0,1.5608108108108107
8,65,8_65,0.0,2.2430555555555554,0.3263888888888889,51.201388888888886,144.0,55.0,148.0,188.0,198.0,200.0,247.0,1.3472222222222223
8,66,8_66,1.0,2.312977099236641,0.44274809160305345,51.091603053435115,131.0,55.0,144.0,148.0,188.0,198.0,200.0,1.3053435114503817
8,67,8_67,1.0,2.207692307692308,0.4230769230769231,50.96923076923077,130.0,55.0,131.0,144.0,148.0,188.0,198.0,1.2076923076923076
8,68,8_68,1.0,2.4098360655737703,0.29508196721311475,51.74590163934426,122.0,55.0,130.0,131.0,144.0,148.0,188.0,1.3524590163934427
8,69,8_69,1.0,2.3333333333333335,0.4700854700854701,49.136752136752136,117.0,55.0,122.0,130.0,131.0,144.0,148.0,1.1623931623931625
8,70,8_70,0.0,2.26,0.53,47.39,100.0,55.0,117.0,122.0,130.0,131.0,144.0,1.18
8,71,8_71,0.0,2.40625,0.4479166666666667,53.875,96.0,55.0,100.0,117.0,122.0,130.0,131.0,1.3958333333333333
8,72,8_72,0.0,2.327272727272727,0.37272727272727274,52.41818181818182,110.0,55.0,96.0,100.0,117.0,122.0,130.0,1.2272727272727273
8,73,8_73,1.0,2.299492385786802,0.49238578680203043,47.08121827411168,197.0,55.0,110.0,96.0,100.0,117.0,122.0,1.0812182741116751
8,74,8_74,1.0,2.340248962655602,0.3900414937759336,46.261410788381745,241.0,55.0,197.0,110.0,96.0,100.0,117.0,1.2199170124481329
8,75,8_75,1.0,1.965,0.335,41.555,200.0,55.0,241.0,197.0,110.0,96.0,100.0,0.885
8,76,8_76,1.0,2.0172413793103448,0.3879310344827586,43.599137931034484,232.0,55.0,200.0,241.0,197.0,110.0,96.0,0.978448275862069
8,77,8_77,1.0,2.035532994923858,0.5431472081218274,43.24873096446701,197.0,55.0,232.0,200.0,241.0,197.0,110.0,0.934010152284264
8,78,8_78,1.0,1.7741027445460944,1.1147079521463759,32.731175228712175,1421.0,55.0,197.0,232.0,200.0,241.0,197.0,0.7628430682617875
8,79,8_79,1.0,2.064754856614246,0.9398704902867715,38.28399629972248,1081.0,55.0,1421.0,197.0,232.0,200.0,241.0,0.9306197964847364
8,80,8_80,1.0,2.058383233532934,0.7080838323353293,42.37125748502994,668.0,55.0,1081.0,1421.0,197.0,232.0,200.0,1.0089820359281436
8,81,8_81,1.0,2.16,0.5466666666666666,43.736,375.0,55.0,668.0,1081.0,1421.0,197.0,232.0,1.0933333333333333
8,82,8_82,1.0,2.1758620689655173,0.4896551724137931,45.279310344827586,290.0,55.0,375.0,668.0,1081.0,1421.0,197.0,1.0793103448275863
8,83,8_83,1.0,2.0987124463519313,0.7982832618025751,44.55793991416309,233.0,55.0,290.0,375.0,668.0,1081.0,1421.0,1.094420600858369
8,84,8_84,1.0,2.0816326530612246,0.3520408163265306,47.62244897959184,196.0,55.0,233.0,290.0,375.0,668.0,1081.0,1.1020408163265305
8,85,8_85,1.0,2.3613861386138613,0.46534653465346537,47.82178217821782,202.0,55.0,196.0,233.0,290.0,375.0,668.0,1.1485148514851484
8,86,8_86,1.0,1.9634146341463414,0.26422764227642276,42.853658536585364,246.0,55.0,202.0,196.0,233.0,290.0,375.0,0.9065040650406504
8,87,8_87,1.0,2.118556701030928,0.29381443298969073,45.329896907216494,194.0,55.0,246.0,202.0,196.0,233.0,290.0,0.9175257731958762
8,88,8_88,1.0,2.195945945945946,0.5878378378378378,45.83783783783784,148.0,55.0,194.0,246.0,202.0,196.0,233.0,1.0675675675675675
8,89,8_89,0.0,2.3949579831932772,0.7647058823529411,47.02521008403362,119.0,55.0,148.0,194.0,246.0,202.0,196.0,1.2016806722689075
8,90,8_90,0.0,1.9876543209876543,0.3333333333333333,45.94444444444444,162.0,55.0,119.0,148.0,194.0,246.0,202.0,0.9629629629629629
8,91,8_91,1.0,2.0161290322580645,0.3924731182795699,43.93010752688172,186.0,55.0,162.0,119.0,148.0,194.0,246.0,1.0053763440860215
8,92,8_92,1.0,1.8406593406593406,0.4065934065934066,41.76923076923077,182.0,55.0,186.0,162.0,119.0,148.0,194.0,0.8076923076923077
8,93,8_93,0.0,2.1052631578947367,0.5394736842105263,53.41447368421053,152.0,55.0,182.0,186.0,162.0,119.0,148.0,1.131578947368421
8,94,8_94,1.0,2.4716981132075473,0.42452830188679247,49.12264150943396,106.0,55.0,152.0,182.0,186.0,162.0,119.0,1.2452830188679245
8,95,8_95,0.0,2.19327731092437,0.48739495798319327,47.00840336134454,119.0,55.0,106.0,152.0,182.0,186.0,162.0,1.1260504201680672
8,96,8_96,1.0,2.1041666666666665,0.4166666666666667,46.666666666666664,96.0,55.0,119.0,106.0,152.0,182.0,186.0,1.3125
8,97,8_97,1.0,2.569620253164557,0.46835443037974683,52.67088607594937,79.0,55.0,96.0,119.0,106.0,152.0,182.0,1.1265822784810127
8,98,8_98,0.0,2.5591397849462365,0.45161290322580644,45.17204301075269,93.0,55.0,79.0,96.0,119.0,106.0,152.0,1.1397849462365592
8,99,8_99,1.0,2.2282608695652173,0.5652173913043478,46.94565217391305,92.0,55.0,93.0,79.0,96.0,119.0,106.0,0.967391304347826
8,100,8_100,1.0,1.9786096256684491,0.45989304812834225,42.79679144385027,187.0,55.0,92.0,93.0,79.0,96.0,119.0,0.9037433155080213
8,101,8_101,0.0,2.236842105263158,0.35526315789473684,46.11184210526316,152.0,55.0,187.0,92.0,93.0,79.0,96.0,0.8881578947368421
8,102,8_102,0.0,2.640625,0.265625,44.8125,128.0,55.0,152.0,187.0,92.0,93.0,79.0,0.984375
8,103,8_103,0.0,2.443548387096774,0.6209677419354839,44.70161290322581,124.0,55.0,128.0,152.0,187.0,92.0,93.0,0.9919354838709677
8,104,8_104,1.0,2.693877551020408,0.2925170068027211,44.89795918367347,147.0,55.0,124.0,128.0,152.0,187.0,92.0,1.1768707482993197
8,105,8_105,1.0,2.7386363636363638,0.4602272727272727,47.0,176.0,55.0,147.0,124.0,128.0,152.0,187.0,1.1420454545454546
8,106,8_106,1.0,3.033112582781457,0.37748344370860926,48.21854304635762,151.0,55.0,176.0,147.0,124.0,128.0,152.0,1.3774834437086092
8,107,8_107,1.0,3.0317460317460316,0.42857142857142855,52.523809523809526,126.0,55.0,151.0,176.0,147.0,124.0,128.0,1.5793650793650793
8,108,8_108,0.0,2.6402877697841727,0.2446043165467626,49.46762589928058,139.0,55.0,126.0,151.0,176.0,147.0,124.0,1.2014388489208634
8,109,8_109,0.0,2.5,0.49382716049382713,45.46296296296296,162.0,55.0,139.0,126.0,151.0,176.0,147.0,1.0185185185185186
8,110,8_110,0.0,2.601990049751244,0.5970149253731343,44.592039800995025,201.0,55.0,162.0,139.0,126.0,151.0,176.0,1.1194029850746268
8,111,8_111,1.0,2.4416058394160585,0.6021897810218978,45.02189781021898,274.0,55.0,201.0,162.0,139.0,126.0,151.0,1.2153284671532847
8,112,8_112,1.0,2.5365853658536586,0.6439024390243903,44.73170731707317,410.0,55.0,274.0,201.0,162.0,139.0,126.0,1.324390243902439
8,113,8_113,1.0,1.8714652956298201,0.9631533847472151,35.40359897172237,1167.0,55.0,410.0,274.0,201.0,162.0,139.0,0.8774635818337618
8,114,8_114,1.0,2.2313649564375604,0.8334946757018393,42.30687318489836,1033.0,55.0,1167.0,410.0,274.0,201.0,162.0,1.101645692158761
8,115,8_115,1.0,2.6170542635658913,0.7736434108527132,43.798449612403104,645.0,55.0,1033.0,1167.0,410.0,274.0,201.0,1.1271317829457363
8,116,8_116,1.0,2.600907029478458,0.4965986394557823,43.64625850340136,441.0,55.0,645.0,1033.0,1167.0,410.0,274.0,1.0816326530612246
8,117,8_117,1.0,2.829113924050633,0.5253164556962026,47.75949367088607,316.0,55.0,441.0,645.0,1033.0,1167.0,410.0,1.240506329113924
8,118,8_118,0.0,3.0915750915750917,0.42857142857142855,43.84615384615385,273.0,55.0,316.0,441.0,645.0,1033.0,1167.0,1.1025641025641026
8,119,8_119,1.0,2.888111888111888,0.541958041958042,46.50699300699301,286.0,55.0,273.0,316.0,441.0,645.0,1033.0,1.2517482517482517
8,120,8_120,0.0,2.9186046511627906,0.4883720930232558,46.116279069767444,258.0,55.0,286.0,273.0,316.0,441.0,645.0,1.058139534883721
8,121,8_121,1.0,3.5921052631578947,0.4473684210526316,49.5,228.0,55.0,258.0,286.0,273.0,316.0,441.0,1.206140350877193
8,122,8_122,1.0,3.6351791530944624,0.3550488599348534,47.57328990228013,307.0,55.0,228.0,258.0,286.0,273.0,316.0,1.0749185667752443
8,123,8_123,1.0,3.0808510638297872,0.6393617021276595,39.11489361702127,940.0,55.0,307.0,228.0,258.0,286.0,273.0,0.95
8,124,8_124,1.0,3.1987878787878787,0.5806060606060606,41.61333333333334,825.0,55.0,940.0,307.0,228.0,258.0,286.0,0.9151515151515152
8,125,8_125,1.0,3.4921875,0.590625,45.678125,640.0,55.0,825.0,940.0,307.0,228.0,258.0,0.9609375
8,126,8_126,1.0,3.749034749034749,0.5675675675675675,46.91698841698842,518.0,55.0,640.0,825.0,940.0,307.0,228.0,0.9787644787644788
8,127,8_127,1.0,3.839622641509434,0.45754716981132076,48.68396226415094,424.0,55.0,518.0,640.0,825.0,940.0,307.0,1.0589622641509433
8,128,8_128,1.0,3.8042168674698793,0.5512048192771084,50.50903614457831,332.0,55.0,424.0,518.0,640.0,825.0,940.0,1.0753012048192772
8,129,8_129,1.0,3.8216783216783217,0.548951048951049,51.81818181818182,286.0,55.0,332.0,424.0,518.0,640.0,825.0,1.1258741258741258
10,0,10_0,0.0,1.1773134328358208,0.662089552238806,44.70029850746268,1675.0,5.0,0.0,0.0,0.0,0.0,0.0,1.4023880597014926
10,1,10_1,0.0,0.9778236204228984,0.5997937080969572,41.18411552346571,1939.0,5.0,1675.0,0.0,0.0,0.0,0.0,1.263537906137184
10,2,10_2,0.0,1.066348448687351,0.6486873508353221,40.81479713603819,2095.0,5.0,1939.0,1675.0,0.0,0.0,0.0,1.2844868735083532
10,3,10_3,0.0,1.0840488025305015,0.7085404428377767,40.747401717126074,2213.0,5.0,2095.0,1939.0,1675.0,0.0,0.0,1.3208314505196566
10,4,10_4,0.0,1.129245283018868,0.7721698113207547,40.81509433962264,2120.0,5.0,2213.0,2095.0,1939.0,1675.0,0.0,1.400943396226415
10,5,10_5,0.0,1.0946538124452234,0.6998247151621385,41.90403155127081,2282.0,5.0,2120.0,2213.0,2095.0,1939.0,1675.0,1.4478527607361964
10,6,10_6,1.0,1.0329380764163374,0.6433904259991217,40.462450592885375,2277.0,5.0,2282.0,2120.0,2213.0,2095.0,1939.0,1.3118137900746596
10,7,10_7,1.0,1.0173434856175974,0.684010152284264,40.931472081218274,2364.0,5.0,2277.0,2282.0,2120.0,2213.0,2095.0,1.2800338409475465
10,8,10_8,0.0,1.0479094076655053,0.6946864111498258,40.27003484320557,2296.0,5.0,2364.0,2277.0,2282.0,2120.0,2213.0,1.2844076655052266
10,9,10_9,1.0,1.1014060502769494,0.6910950149126545,40.92032381763954,2347.0,5.0,2296.0,2364.0,2277.0,2282.0,2120.0,1.2735406902428632
10,10,10_10,1.0,1.1871838111298483,0.7845699831365935,38.74451939291737,2372.0,5.0,2347.0,2296.0,2364.0,2277.0,2282.0,1.3064924114671164
10,11,10_11,0.0,1.125055629728527,0.7231864708500223,40.918113039608365,2247.0,5.0,2372.0,2347.0,2296.0,2364.0,2277.0,1.3796172674677347
10,12,10_12,1.0,1.081421502474134,0.6414754835807467,41.233468286099864,2223.0,5.0,2247.0,2372.0,2347.0,2296.0,2364.0,1.293297345928925
10,13,10_13,0.0,1.056799336650083,0.5899668325041459,41.5650912106136,2412.0,5.0,2223.0,2247.0,2372.0,2347.0,2296.0,1.306384742951907
10,14,10_14,1.0,0.9766888677450047,0.565651760228354,39.91960038058991,2102.0,5.0,2412.0,2223.0,2247.0,2372.0,2347.0,1.1617507136060894
10,15,10_15,0.0,0.9766483516483516,0.5366300366300366,41.114010989010985,2184.0,5.0,2102.0,2412.0,2223.0,2247.0,2372.0,1.2673992673992673
10,16,10_16,0.0,1.0018630647414997,0.5654401490451794,41.316255239869584,2147.0,5.0,2184.0,2102.0,2412.0,2223.0,2247.0,1.27992547741034
10,17,10_17,0.0,0.9459971577451445,0.5182378019895784,42.32922785409758,2111.0,5.0,2147.0,2184.0,2102.0,2412.0,2223.0,1.330175272382757
10,18,10_18,0.0,0.9458812260536399,0.5019157088122606,41.97318007662835,2088.0,5.0,2111.0,2147.0,2184.0,2102.0,2412.0,1.228448275862069
10,19,10_19,0.0,0.982836495031617,0.46070460704607047,44.312104787714546,2214.0,5.0,2088.0,2111.0,2147.0,2184.0,2102.0,1.2226738934056007
10,20,10_20,0.0,0.855973813420622,0.4623567921440262,40.03600654664484,2444.0,5.0,2214.0,2088.0,2111.0,2147.0,2184.0,1.0773322422258593
10,21,10_21,0.0,0.8837108013937283,0.3998257839721254,41.92290940766551,2296.0,5.0,2444.0,2214.0,2088.0,2111.0,2147.0,1.1581010452961673
10,22,10_22,0.0,0.9178082191780822,0.4553613604156826,43.69107227208313,2117.0,5.0,2296.0,2444.0,2214.0,2088.0,2111.0,1.2135096835144072
10,23,10_23,0.0,0.9493480441323972,0.4383149448345035,42.80391173520562,1994.0,5.0,2117.0,2296.0,2444.0,2214.0,2088.0,1.2778335005015045
10,24,10_24,0.0,0.9358395989974937,0.5037593984962406,42.291228070175436,1995.0,5.0,1994.0,2117.0,2296.0,2444.0,2214.0,1.2085213032581454
10,25,10_25,0.0,0.9458432304038005,0.47363420427553443,43.25083135391924,2105.0,5.0,1995.0,1994.0,2117.0,2296.0,2444.0,1.2446555819477434
10,26,10_26,0.0,1.0044887780548628,0.4723192019950125,44.460847880299255,2005.0,5.0,2105.0,1995.0,1994.0,2117.0,2296.0,1.3072319201995013
10,27,10_27,0.0,0.9856222112047596,0.49876053544868615,44.42835894893406,2017.0,5.0,2005.0,2105.0,1995.0,1994.0,2117.0,1.198314328210213
10,28,10_28,0.0,0.9725738396624473,0.42352320675105487,42.70727848101266,1896.0,5.0,2017.0,2005.0,2105.0,1995.0,1994.0,1.2109704641350212
10,29,10_29,0.0,0.9571192963166575,0.4832325453545904,44.49312809235844,1819.0,5.0,1896.0,2017.0,2005.0,2105.0,1995.0,1.239692138537658
10,30,10_30,0.0,0.987510766580534,0.5030146425495263,39.86950904392765,2322.0,5.0,1819.0,1896.0,2017.0,2005.0,2105.0,1.0159345391903531
10,31,10_31,0.0,0.9746743849493488,0.5676555716353111,39.25253256150506,2764.0,5.0,2322.0,1819.0,1896.0,2017.0,2005.0,0.920767004341534
10,32,10_32,0.0,0.954158215010142,0.45233265720081134,43.10060851926978,2465.0,5.0,2764.0,2322.0,1819.0,1896.0,2017.0,1.0872210953346857
10,33,10_33,0.0,0.97340930674264,0.48338081671415006,43.37321937321937,2106.0,5.0,2465.0,2764.0,2322.0,1819.0,1896.0,1.1761633428300096
10,34,10_34,0.0,0.9632314862765406,0.48990160538581046,44.475401346452614,1931.0,5.0,2106.0,2465.0,2764.0,2322.0,1819.0,1.182288969445883
10,35,10_35,0.0,1.0233444497379705,0.4059075750357313,45.14197236779419,2099.0,5.0,1931.0,2106.0,2465.0,2764.0,2322.0,1.2024773701762743
10,36,10_36,0.0,0.9480459770114943,0.37103448275862067,44.755402298850576,2175.0,5.0,2099.0,1931.0,2106.0,2465.0,2764.0,1.1820689655172414
10,37,10_37,0.0,0.9758251975825197,0.38679683867968384,45.42445374244537,2151.0,5.0,2175.0,2099.0,1931.0,2106.0,2465.0,1.202696420269642
10,38,10_38,0.0,0.9672456575682382,0.4307692307692308,43.116129032258065,2015.0,5.0,2151.0,2175.0,2099.0,1931.0,2106.0,1.0704714640198512
10,39,10_39,1.0,1.0493482309124766,0.48463687150837986,43.243947858473,2148.0,5.0,2015.0,2151.0,2175.0,2099.0,1931.0,1.0861266294227188
10,40,10_40,0.0,0.8186567164179105,0.8093283582089552,36.13544776119403,2680.0,5.0,2148.0,2015.0,2151.0,2175.0,2099.0,0.7940298507462686
10,41,10_41,0.0,0.889943074003795,0.5924098671726755,40.15142314990512,2635.0,5.0,2680.0,2148.0,2015.0,2151.0,2175.0,0.9518026565464895
10,42,10_42,0.0,0.8702681388012619,0.4668769716088328,43.07847003154574,2536.0,5.0,2635.0,2680.0,2148.0,2015.0,2151.0,1.0733438485804416
10,43,10_43,0.0,0.7286969812762706,0.37523882307986245,41.39893007260222,2617.0,5.0,2536.0,2635.0,2680.0,2148.0,2015.0,1.0015284677111196
10,44,10_44,1.0,0.86347587289133,0.39937230286386816,44.253825029423304,2549.0,5.0,2617.0,2536.0,2635.0,2680.0,2148.0,1.0411926245586505
10,45,10_45,0.0,0.7761747732893652,0.3829348722176422,41.85325638911789,2426.0,5.0,2549.0,2617.0,2536.0,2635.0,2680.0,1.1145919208573785
10,46,10_46,0.0,0.7865707434052758,0.4072741806554756,41.48401278976819,2502.0,5.0,2426.0,2549.0,2617.0,2536.0,2635.0,1.0843325339728218
10,47,10_47,0.0,0.9125457875457875,0.4432234432234432,42.9010989010989,2184.0,5.0,2502.0,2426.0,2549.0,2617.0,2536.0,1.1318681318681318
10,48,10_48,0.0,0.863098301595471,0.46320123520329387,44.464230571281526,1943.0,5.0,2184.0,2502.0,2426.0,2549.0,2617.0,1.2094698919197118
10,49,10_49,0.0,0.834593572778828,0.47495274102079393,42.603969754253306,2116.0,5.0,1943.0,2184.0,2502.0,2426.0,2549.0,1.111531190926276
10,50,10_50,0.0,0.6647058823529411,0.4606617647058823,38.59742647058823,2720.0,5.0,2116.0,1943.0,2184.0,2502.0,2426.0,0.9536764705882353
10,51,10_51,0.0,0.7806244995996797,0.4235388310648519,43.15612489991994,2498.0,5.0,2720.0,2116.0,1943.0,2184.0,2502.0,1.0976781425140112
10,52,10_52,0.0,0.8091735179575941,0.4158372998701861,44.45088706187798,2311.0,5.0,2498.0,2720.0,2116.0,1943.0,2184.0,1.147987884032886
10,53,10_53,0.0,0.7656186198448346,0.40465496120865657,42.645161290322584,2449.0,5.0,2311.0,2498.0,2720.0,2116.0,1943.0,1.0943242139648837
10,54,10_54,0.0,0.8179775280898877,0.4395505617977528,43.745168539325846,2225.0,5.0,2449.0,2311.0,2498.0,2720.0,2116.0,1.117752808988764
10,55,10_55,0.0,0.8422018348623853,0.3967889908256881,44.40045871559633,2180.0,5.0,2225.0,2449.0,2311.0,2498.0,2720.0,1.186697247706422
10,56,10_56,1.0,0.8911651728553137,0.4950917626973965,41.16303883909518,2343.0,5.0,2180.0,2225.0,2449.0,2311.0,2498.0,1.0396927016645328
10,57,10_57,1.0,0.9285140562248996,0.4742971887550201,38.471084337349396,2490.0,5.0,2343.0,2180.0,2225.0,2449.0,2311.0,1.0582329317269077
10,58,10_58,1.0,1.0468959356855738,0.4694059848146494,43.52523447967843,2239.0,5.0,2490.0,2343.0,2180.0,2225.0,2449.0,1.3349709691826708
10,59,10_59,1.0,1.0103346456692914,0.46653543307086615,46.64074803149607,2032.0,5.0,2239.0,2490.0,2343.0,2180.0,2225.0,1.4133858267716535
10,60,10_60,0.0,1.0623595505617978,0.5168539325842697,47.7,1780.0,5.0,2032.0,2239.0,2490.0,2343.0,2180.0,1.3926966292134833
10,61,10_61,1.0,1.0323642347778388,0.5474492594624246,47.2095447065277,1823.0,5.0,1780.0,2032.0,2239.0,2490.0,2343.0,1.3494240263302248
10,62,10_62,1.0,1.0340975896531452,0.5202821869488536,48.109935332157555,1701.0,5.0,1823.0,1780.0,2032.0,2239.0,2490.0,1.3786008230452675
10,63,10_63,1.0,0.974910394265233,0.490442054958184,46.93010752688172,1674.0,5.0,1701.0,1823.0,1780.0,2032.0,2239.0,1.3279569892473118
10,64,10_64,1.0,1.0044585987261148,0.543312101910828,47.81974522292994,1570.0,5.0,1674.0,1701.0,1823.0,1780.0,2032.0,1.3662420382165605
10,65,10_65,1.0,0.9887710542732376,0.5034310667498441,48.7305053025577,1603.0,5.0,1570.0,1674.0,1701.0,1823.0,1780.0,1.3499688084840924
10,66,10_66,0.0,1.1080402010050252,0.5113065326633166,48.371231155778894,1592.0,5.0,1603.0,1570.0,1674.0,1701.0,1823.0,1.390075376884422
10,67,10_67,0.0,1.0907840440165062,0.4731774415405777,48.40577716643742,1454.0,5.0,1592.0,1603.0,1570.0,1674.0,1701.0,1.3968363136176065
10,68,10_68,0.0,1.0711111111111111,0.5574603174603174,48.668571428571425,1575.0,5.0,1454.0,1592.0,1603.0,1570.0,1674.0,1.372063492063492
10,69,10_69,0.0,1.0815913688469319,0.5374241402562373,48.43088334457181,1483.0,5.0,1575.0,1454.0,1592.0,1603.0,1570.0,1.3843560350640594
10,70,10_70,0.0,1.0649180327868852,0.4557377049180328,48.34295081967213,1525.0,5.0,1483.0,1575.0,1454.0,1592.0,1603.0,1.3540983606557377
10,71,10_71,0.0,1.0507152145643692,0.5188556566970091,46.7704811443433,1538.0,5.0,1525.0,1483.0,1575.0,1454.0,1592.0,1.3127438231469442
10,72,10_72,0.0,1.0,0.5015328019619865,45.66523605150215,1631.0,5.0,1538.0,1525.0,1483.0,1575.0,1454.0,1.2587369711833232
10,73,10_73,1.0,0.9164556962025316,0.4911392405063291,44.346835443037975,1975.0,5.0,1631.0,1538.0,1525.0,1483.0,1575.0,1.140253164556962
10,74,10_74,1.0,1.0730932203389831,0.6117584745762712,43.37923728813559,1888.0,5.0,1975.0,1631.0,1538.0,1525.0,1483.0,1.2097457627118644
10,75,10_75,0.0,1.0679012345679013,0.5190329218106996,44.41409465020576,1944.0,5.0,1888.0,1975.0,1631.0,1538.0,1525.0,1.2052469135802468
10,76,10_76,1.0,0.8019102990033222,0.5211794019933554,37.81686046511628,2408.0,5.0,1944.0,1888.0,1975.0,1631.0,1538.0,0.9161129568106312
10,77,10_77,1.0,0.9227504244482173,0.4864176570458404,42.7330220713073,2356.0,5.0,2408.0,1944.0,1888.0,1975.0,1631.0,1.0946519524617997
10,78,10_78,0.0,0.9216867469879518,0.45532128514056225,43.941767068273094,1992.0,5.0,2356.0,2408.0,1944.0,1888.0,1975.0,1.1475903614457832
10,79,10_79,0.0,0.8853535353535353,0.44696969696969696,43.52424242424242,1980.0,5.0,1992.0,2356.0,2408.0,1944.0,1888.0,1.1772727272727272
10,80,10_80,0.0,0.9656545545047287,0.4728720756595321,43.33001493280239,2009.0,5.0,1980.0,1992.0,2356.0,2408.0,1944.0,1.1577899452463913
10,81,10_81,0.0,0.9398535564853556,0.3891213389121339,44.62029288702929,1912.0,5.0,2009.0,1980.0,1992.0,2356.0,2408.0,1.2322175732217573
10,82,10_82,0.0,1.003611971104231,0.4453044375644995,44.86687306501548,1938.0,5.0,1912.0,2009.0,1980.0,1992.0,2356.0,1.218782249742002
10,83,10_83,0.0,0.9689373297002725,0.4550408719346049,44.78964577656676,1835.0,5.0,1938.0,1912.0,2009.0,1980.0,1992.0,1.252316076294278
10,84,10_84,0.0,1.0048543689320388,0.41262135922330095,46.06526429341963,1854.0,5.0,1835.0,1938.0,1912.0,2009.0,1980.0,1.2486515641855447
10,85,10_85,0.0,0.9949545913218971,0.3849646821392533,45.62209889001009,1982.0,5.0,1854.0,1835.0,1938.0,1912.0,2009.0,1.1513622603430878
10,86,10_86,1.0,0.8381229538013824,0.4103310294652601,39.226264096034924,2749.0,5.0,1982.0,1854.0,1835.0,1938.0,1912.0,0.8050200072753728
10,87,10_87,1.0,0.9849981705085986,0.4442005122575924,42.09915843395536,2733.0,5.0,2749.0,1982.0,1854.0,1835.0,1938.0,0.8251006220270765
10,88,10_88,1.0,1.0358821016659547,0.41905168731311404,45.781717214865445,2341.0,5.0,2733.0,2749.0,1982.0,1854.0,1835.0,1.007261853908586
10,89,10_89,0.0,0.9731132075471698,0.4419811320754717,45.740566037735846,2120.0,5.0,2341.0,2733.0,2749.0,1982.0,1854.0,1.0735849056603775
10,90,10_90,0.0,0.9830508474576272,0.4179176755447942,46.04891041162227,2065.0,5.0,2120.0,2341.0,2733.0,2749.0,1982.0,1.17046004842615
10,91,10_91,0.0,0.905025357307515,0.4107883817427386,44.49193176579069,2169.0,5.0,2065.0,2120.0,2341.0,2733.0,2749.0,1.1549100968188104
10,92,10_92,0.0,0.8713794796269023,0.3696612665684831,45.86794305351006,2037.0,5.0,2169.0,2065.0,2120.0,2341.0,2733.0,1.2528227785959745
10,93,10_93,0.0,0.94109396914446,0.3384759233286583,44.74100046750818,2139.0,5.0,2037.0,2169.0,2065.0,2120.0,2341.0,1.1547452080411407
10,94,10_94,1.0,0.9207964601769911,0.31371681415929203,43.42610619469026,2260.0,5.0,2139.0,2037.0,2169.0,2065.0,2120.0,1.0305309734513275
10,95,10_95,1.0,0.9212940608401738,0.3645581844519556,45.548527281506516,2071.0,5.0,2260.0,2139.0,2037.0,2169.0,2065.0,1.1617576050217286
10,96,10_96,0.0,1.0070957932083122,0.4161175874303092,45.362392295995946,1973.0,5.0,2071.0,2260.0,2139.0,2037.0,2169.0,1.1743537759756715
10,97,10_97,0.0,0.9387331256490135,0.3925233644859813,46.0067497403946,1926.0,5.0,1973.0,2071.0,2260.0,2139.0,2037.0,1.240913811007269
10,98,10_98,0.0,0.9213541666666667,0.3958333333333333,45.395833333333336,1920.0,5.0,1926.0,1973.0,2071.0,2260.0,2139.0,1.215625
10,99,10_99,0.0,0.8371973209685729,0.38382277176713037,43.543019062339,1941.0,5.0,1920.0,1926.0,1973.0,2071.0,2260.0,1.190623390005152
10,100,10_100,0.0,0.9195189639222942,0.43848288621646625,44.54902867715079,2162.0,5.0,1941.0,1920.0,1926.0,1973.0,2071.0,1.2113783533765032
10,101,10_101,0.0,0.9178765880217786,0.4133393829401089,44.26497277676951,2204.0,5.0,2162.0,1941.0,1920.0,1926.0,1973.0,1.221415607985481
10,102,10_102,0.0,0.9744722631320569,0.37653411880216003,47.358370152184584,2037.0,5.0,2204.0,2162.0,1941.0,1920.0,1926.0,1.2557682866961217
10,103,10_103,0.0,0.9707776126795443,0.4774640911342249,45.8568598315998,2019.0,5.0,2037.0,2204.0,2162.0,1941.0,1920.0,1.232788509162952
10,104,10_104,0.0,0.9958246346555324,0.4509394572025052,45.36638830897704,1916.0,5.0,2019.0,2037.0,2204.0,2162.0,1941.0,1.2447807933194155
10,105,10_105,0.0,1.0153237765694514,0.45032130499258527,45.6648541769649,2023.0,5.0,1916.0,2019.0,2037.0,2204.0,2162.0,1.375185368264953
10,106,10_106,1.0,1.027390180878553,0.4077519379844961,45.144702842377264,1935.0,5.0,2023.0,1916.0,2019.0,2037.0,2204.0,1.221188630490956
10,107,10_107,0.0,1.029047619047619,0.4038095238095238,43.71047619047619,2100.0,5.0,1935.0,2023.0,1916.0,2019.0,2037.0,1.1523809523809523
10,108,10_108,0.0,0.9328571428571428,0.44142857142857145,45.2252380952381,2100.0,5.0,2100.0,1935.0,2023.0,1916.0,2019.0,1.1685714285714286
10,109,10_109,0.0,0.9070294784580499,0.3922902494331066,42.085260770975054,2205.0,5.0,2100.0,2100.0,1935.0,2023.0,1916.0,1.05578231292517
10,110,10_110,0.0,0.9550660792951542,0.4502202643171806,42.38986784140969,2270.0,5.0,2205.0,2100.0,2100.0,1935.0,2023.0,1.1013215859030836
10,111,10_111,0.0,0.9431818181818182,0.5164576802507836,42.04349529780564,2552.0,5.0,2270.0,2205.0,2100.0,2100.0,1935.0,1.100705329153605
10,112,10_112,0.0,1.0061399918133442,0.38559148587801884,45.708964388047484,2443.0,5.0,2552.0,2270.0,2205.0,2100.0,2100.0,1.221039705280393
10,113,10_113,0.0,1.0960295475530932,0.48522622345337024,45.28855032317636,2166.0,5.0,2443.0,2552.0,2270.0,2205.0,2100.0,1.2377654662973223
10,114,10_114,0.0,0.9855203619909503,0.4447963800904977,43.42081447963801,2210.0,5.0,2166.0,2443.0,2552.0,2270.0,2205.0,1.237556561085973
10,115,10_115,0.0,0.9691695673794132,0.47389358528095477,43.74341123818996,2011.0,5.0,2210.0,2166.0,2443.0,2552.0,2270.0,1.2819492789656888
10,116,10_116,0.0,0.9687943262411347,0.5002364066193853,43.12151300236407,2115.0,5.0,2011.0,2210.0,2166.0,2443.0,2552.0,1.215130023640662
10,117,10_117,1.0,1.0172727272727273,0.455,41.877272727272725,2200.0,5.0,2115.0,2011.0,2210.0,2166.0,2443.0,1.1036363636363635
10,118,10_118,1.0,1.0995192307692307,0.4403846153846154,46.06442307692308,2080.0,5.0,2200.0,2115.0,2011.0,2210.0,2166.0,1.3125
10,119,10_119,1.0,1.0840463009562153,0.46401610468042276,46.03522898842476,1987.0,5.0,2080.0,2200.0,2115.0,2011.0,2210.0,1.3059889280322095
10,120,10_120,1.0,1.0099573257467995,0.4395448079658606,43.89805595068753,2109.0,5.0,1987.0,2080.0,2200.0,2115.0,2011.0,1.3020388809862493
10,121,10_121,0.0,0.9590200445434298,0.4334075723830735,44.56837416481069,2245.0,5.0,2109.0,1987.0,2080.0,2200.0,2115.0,1.3625835189309576
10,122,10_122,1.0,1.0957966764418376,0.426197458455523,42.11094819159335,2046.0,5.0,2245.0,2109.0,1987.0,2080.0,2200.0,1.3308895405669598
10,123,10_123,1.0,1.1283817019183473,0.5705853418593212,42.38366945400885,2033.0,5.0,2046.0,2245.0,2109.0,1987.0,2080.0,1.4003935071323168
10,124,10_124,1.0,1.1503719447396388,0.5648246546227418,46.5403825717322,1882.0,5.0,2033.0,2046.0,2245.0,2109.0,1987.0,1.4537725823591923
10,125,10_125,1.0,1.0406504065040652,0.5110336817653891,46.67305458768873,1722.0,5.0,1882.0,2033.0,2046.0,2245.0,2109.0,1.4041811846689896
10,126,10_126,1.0,1.0207808564231737,0.4968513853904282,46.56612090680101,1588.0,5.0,1722.0,1882.0,2033.0,2046.0,2245.0,1.4181360201511335
10,127,10_127,1.0,0.9850316637881404,0.5578583765112263,45.21070811744387,1737.0,5.0,1588.0,1722.0,1882.0,2033.0,2046.0,1.3845710995970064
10,128,10_128,1.0,1.0575275397796817,0.5446756425948592,44.97246022031824,1634.0,5.0,1737.0,1588.0,1722.0,1882.0,2033.0,1.408812729498164
10,129,10_129,0.0,0.9271523178807947,0.565461029037188,41.02801833927662,1963.0,5.0,1634.0,1737.0,1588.0,1722.0,1882.0,1.1574121242995414
10,130,10_130,0.0,0.9657015590200445,0.5291759465478841,41.58619153674833,2245.0,5.0,1963.0,1634.0,1737.0,1588.0,1722.0,1.107349665924276
10,131,10_131,0.0,0.9315815567674764,0.5389191869112543,44.1378284581061,2017.0,5.0,2245.0,1963.0,1634.0,1737.0,1588.0,1.239960337134358
10,132,10_132,0.0,0.9791666666666666,0.46381578947368424,45.01973684210526,1824.0,5.0,2017.0,2245.0,1963.0,1634.0,1737.0,1.2982456140350878
10,133,10_133,0.0,0.9280383795309168,0.4429637526652452,45.118869936034116,1876.0,5.0,1824.0,2017.0,2245.0,1963.0,1634.0,1.2681236673773988
10,134,10_134,0.0,1.0234741784037558,0.4658320292123109,45.990610328638496,1917.0,5.0,1876.0,1824.0,2017.0,2245.0,1963.0,1.2743870631194574
10,135,10_135,0.0,0.9025270758122743,0.43772563176895307,42.227436823104696,2216.0,5.0,1917.0,1876.0,1824.0,2017.0,2245.0,1.1502707581227436
10,136,10_136,1.0,0.910377358490566,0.4913522012578616,42.398191823899374,2544.0,5.0,2216.0,1917.0,1876.0,1824.0,2017.0,1.0416666666666667
10,137,10_137,1.0,0.9733634311512416,0.4275395033860045,45.08668171557562,2215.0,5.0,2544.0,2216.0,1917.0,1876.0,1824.0,1.1607223476297968
10,138,10_138,0.0,0.9026036644165863,0.4725168756027001,45.76374156219865,2074.0,5.0,2215.0,2544.0,2216.0,1917.0,1876.0,1.2647058823529411
10,139,10_139,0.0,0.9680038204393505,0.4078319006685769,45.649474689589304,2094.0,5.0,2074.0,2215.0,2544.0,2216.0,1917.0,1.3022922636103151
10,140,10_140,0.0,0.9278741865509761,0.43221258134490237,46.350867678958785,1844.0,5.0,2094.0,2074.0,2215.0,2544.0,2216.0,1.2733188720173536
10,141,10_141,0.0,0.9712586719524281,0.4122893954410307,46.989098116947474,2018.0,5.0,1844.0,2094.0,2074.0,2215.0,2544.0,1.3161546085232905
10,142,10_142,0.0,0.9481225296442688,0.38636363636363635,45.52717391304348,2024.0,5.0,2018.0,1844.0,2094.0,2074.0,2215.0,1.325098814229249
10,143,10_143,0.0,0.9471848530144494,0.45191828599900347,45.97658196312905,2007.0,5.0,2024.0,2018.0,1844.0,2094.0,2074.0,1.2411559541604384
10,144,10_144,1.0,1.0520361990950227,0.3778280542986425,45.68608597285068,1768.0,5.0,2007.0,2024.0,2018.0,1844.0,2094.0,1.3054298642533937
10,145,10_145,1.0,1.048845947396672,0.44712828770799784,46.38915727321525,1863.0,5.0,1768.0,2007.0,2024.0,2018.0,1844.0,1.3607085346215781
10,146,10_146,1.0,1.0225721784776902,0.510236220472441,45.650393700787404,1905.0,5.0,1863.0,1768.0,2007.0,2024.0,2018.0,1.2929133858267716
10,147,10_147,1.0,1.0064412238325282,0.5652173913043478,44.66398282340311,1863.0,5.0,1905.0,1863.0,1768.0,2007.0,2024.0,1.3778851315083198
10,148,10_148,0.0,0.970489977728285,0.47939866369710465,44.60746102449889,1796.0,5.0,1863.0,1905.0,1863.0,1768.0,2007.0,1.2628062360801782
10,149,10_149,0.0,0.9669685668620138,0.4581779435269046,45.002663825253066,1877.0,5.0,1796.0,1863.0,1905.0,1863.0,1768.0,1.342567927543953
10,150,10_150,0.0,0.93024494142705,0.45101171458998934,45.27156549520767,1878.0,5.0,1877.0,1796.0,1863.0,1905.0,1863.0,1.2928647497337593
10,151,10_151,0.0,0.830255057167986,0.39621811785400174,42.04265611257696,2274.0,5.0,1878.0,1877.0,1796.0,1863.0,1905.0,1.0822339489885664
10,152,10_152,0.0,0.9910546139359698,0.4067796610169492,44.652542372881356,2124.0,5.0,2274.0,1878.0,1877.0,1796.0,1863.0,1.1111111111111112
10,153,10_153,0.0,0.9823977164605138,0.3981921979067555,44.881541389153185,2102.0,5.0,2124.0,2274.0,1878.0,1877.0,1796.0,1.1902949571836345
10,154,10_154,0.0,0.8607983623336745,0.661207778915046,41.24309109518936,1954.0,5.0,2102.0,2124.0,2274.0,1878.0,1877.0,1.0957011258955989
10,155,10_155,1.0,0.6684256816182937,1.7726473175021988,31.63456464379947,2274.0,5.0,1954.0,2102.0,2124.0,2274.0,1878.0,0.7484608619173263
10,156,10_156,1.0,0.7727272727272727,1.2425548589341693,36.200235109717866,2552.0,5.0,2274.0,1954.0,2102.0,2124.0,2274.0,0.9169278996865203
10,157,10_157,1.0,0.7423430321592649,0.9793261868300153,37.545176110260336,2612.0,5.0,2552.0,2274.0,1954.0,2102.0,2124.0,0.9575038284839203
10,158,10_158,1.0,0.7057595993322203,0.7650250417362271,39.354757929883135,2396.0,5.0,2612.0,2552.0,2274.0,1954.0,2102.0,1.0262938230383973
10,159,10_159,1.0,0.6765888978278359,0.6327433628318584,39.70917135961384,2486.0,5.0,2396.0,2612.0,2552.0,2274.0,1954.0,1.0237329042638776
10,160,10_160,0.0,0.609357170026626,0.5659946747812856,40.21491061240015,2629.0,5.0,2486.0,2396.0,2612.0,2552.0,2274.0,0.9767972613160898
10,161,10_161,0.0,0.6077235772357723,0.5178861788617887,40.66341463414634,2460.0,5.0,2629.0,2486.0,2396.0,2612.0,2552.0,1.05
10,162,10_162,0.0,0.6141244994539498,0.5547870404077175,39.25555151073899,2747.0,5.0,2460.0,2629.0,2486.0,2396.0,2612.0,1.02475427739352
10,163,10_163,0.0,0.6262440103206782,0.570217471433837,40.286030224843344,2713.0,5.0,2747.0,2460.0,2629.0,2486.0,2396.0,1.0272760781422778
10,164,10_164,1.0,0.6698079014135556,0.4508880028996013,41.0703153316419,2759.0,5.0,2713.0,2747.0,2460.0,2629.0,2486.0,1.0166727075027184
10,165,10_165,1.0,0.8324184694865999,0.901840490797546,41.27962544397804,3097.0,5.0,2759.0,2713.0,2747.0,2460.0,2629.0,1.1291572489505974
10,166,10_166,1.0,0.74373795761079,1.3288375080282595,37.82241490044958,3114.0,5.0,3097.0,2759.0,2713.0,2747.0,2460.0,1.1586384071933205
10,167,10_167,1.0,0.7338551859099804,1.0169602087410308,40.775603392041745,3066.0,5.0,3114.0,3097.0,2759.0,2713.0,2747.0,1.0805609915198957
10,168,10_168,1.0,0.7899221934049648,0.9699888847721378,44.716561689514634,2699.0,5.0,3066.0,3114.0,3097.0,2759.0,2713.0,1.1796961837717672
10,169,10_169,1.0,0.8620417816318486,0.8730784391013008,45.79621600315333,2537.0,5.0,2699.0,3066.0,3114.0,3097.0,2759.0,1.1935356720536066
10,170,10_170,1.0,0.7488488907492675,0.8313101716199247,45.84679782335705,2389.0,5.0,2537.0,2699.0,3066.0,3114.0,3097.0,1.1942235244872332
10,171,10_171,1.0,0.7771186440677966,0.7177966101694915,46.49364406779661,2360.0,5.0,2389.0,2537.0,2699.0,3066.0,3114.0,1.1843220338983051
10,172,10_172,0.0,0.7472776769509982,0.7332123411978222,47.73003629764065,2204.0,5.0,2360.0,2389.0,2537.0,2699.0,3066.0,1.2359346642468239
10,173,10_173,1.0,0.8035121025154248,0.7683910773611771,48.311343141907926,2107.0,5.0,2204.0,2360.0,2389.0,2537.0,2699.0,1.2738490745135262
10,174,10_174,1.0,0.7915245981490502,0.6619581100828057,48.43497320993668,2053.0,5.0,2107.0,2204.0,2360.0,2389.0,2537.0,1.2089624939113492
10,175,10_175,1.0,0.8158974358974359,0.6923076923076923,48.3625641025641,1950.0,5.0,2053.0,2107.0,2204.0,2360.0,2389.0,1.2056410256410257
10,176,10_176,1.0,0.8259726603575184,0.6535226077812829,48.8391167192429,1902.0,5.0,1950.0,2053.0,2107.0,2204.0,2360.0,1.1919032597266035
10,177,10_177,1.0,0.8981818181818182,0.5885714285714285,50.17922077922078,1925.0,5.0,1902.0,1950.0,2053.0,2107.0,2204.0,1.2701298701298702
10,178,10_178,1.0,0.7692719486081371,0.607066381156317,49.24678800856531,1868.0,5.0,1925.0,1902.0,1950.0,2053.0,2107.0,1.197002141327623
10,179,10_179,1.0,0.7966014418125643,0.5520082389289392,50.199794026776516,1942.0,5.0,1868.0,1925.0,1902.0,1950.0,2053.0,1.2100926879505665
11,0,11_0,0.0,1.320281124497992,0.4929718875502008,47.14658634538153,996.0,5.0,0.0,0.0,0.0,0.0,0.0,1.247991967871486
11,1,11_1,0.0,1.3405639913232104,0.5759219088937093,44.46963123644252,922.0,5.0,996.0,0.0,0.0,0.0,0.0,1.2483731019522777
11,2,11_2,0.0,1.241232731137088,0.5727948990435706,41.89585547290117,941.0,5.0,922.0,996.0,0.0,0.0,0.0,1.1657810839532412
11,3,11_3,0.0,1.2871024734982333,0.6095406360424028,42.234982332155475,1132.0,5.0,941.0,922.0,996.0,0.0,0.0,1.2190812720848057
11,4,11_4,0.0,1.3571428571428572,0.5917207792207793,42.62905844155844,1232.0,5.0,1132.0,941.0,922.0,996.0,0.0,1.1469155844155845
11,5,11_5,1.0,1.3138173302107727,0.663544106167057,43.921935987509755,1281.0,5.0,1232.0,1132.0,941.0,922.0,996.0,1.2060889929742389
11,6,11_6,1.0,1.083404255319149,0.5625531914893617,42.44510638297872,1175.0,5.0,1281.0,1232.0,1132.0,941.0,922.0,1.1736170212765957
11,7,11_7,1.0,1.146103896103896,0.625,41.482142857142854,1232.0,5.0,1175.0,1281.0,1232.0,1132.0,941.0,1.1412337662337662
11,8,11_8,1.0,1.2356469580119966,0.5467009425878321,43.29562982005142,1167.0,5.0,1232.0,1175.0,1281.0,1232.0,1132.0,1.231362467866324
11,9,11_9,1.0,1.1894563426688634,0.5642504118616145,41.47116968698517,1214.0,5.0,1167.0,1232.0,1175.0,1281.0,1232.0,1.1219110378912684
11,10,11_10,1.0,1.2786144578313252,0.6686746987951807,39.806475903614455,1328.0,5.0,1214.0,1167.0,1232.0,1175.0,1281.0,1.0948795180722892
11,11,11_11,0.0,1.2699115044247788,0.532448377581121,40.219026548672566,1356.0,5.0,1328.0,1214.0,1167.0,1232.0,1175.0,1.146755162241888
11,12,11_12,0.0,1.2229166666666667,0.46458333333333335,41.86944444444445,1440.0,5.0,1356.0,1328.0,1214.0,1167.0,1232.0,1.1423611111111112
11,13,11_13,1.0,1.1168289290681501,0.43045897079276774,42.49721835883171,1438.0,5.0,1440.0,1356.0,1328.0,1214.0,1167.0,1.2016689847009736
11,14,11_14,0.0,1.1308219178082193,0.4328767123287671,42.961643835616435,1460.0,5.0,1438.0,1440.0,1356.0,1328.0,1214.0,1.1506849315068493
11,15,11_15,0.0,1.1490514905149052,0.5182926829268293,44.01219512195122,1476.0,5.0,1460.0,1438.0,1440.0,1356.0,1328.0,1.1863143631436315
11,16,11_16,0.0,1.2027231467473525,0.41603630862329805,45.38653555219365,1322.0,5.0,1476.0,1460.0,1438.0,1440.0,1356.0,1.214069591527988
11,17,11_17,0.0,1.2265151515151516,0.4287878787878788,44.984848484848484,1320.0,5.0,1322.0,1476.0,1460.0,1438.0,1440.0,1.2340909090909091
11,18,11_18,1.0,0.9424,1.048,35.1992,1250.0,5.0,1320.0,1322.0,1476.0,1460.0,1438.0,0.8936
11,19,11_19,1.0,1.0193174500965871,0.8898905344494527,38.07405022537025,1553.0,5.0,1250.0,1320.0,1322.0,1476.0,1460.0,0.9890534449452673
11,20,11_20,0.0,1.0913183279742766,0.7305466237942122,42.93762057877814,1555.0,5.0,1553.0,1250.0,1320.0,1322.0,1476.0,1.1112540192926046
11,21,11_21,1.0,1.0835164835164834,0.613919413919414,45.10476190476191,1365.0,5.0,1555.0,1553.0,1250.0,1320.0,1322.0,1.178021978021978
11,22,11_22,1.0,1.0022140221402214,0.46051660516605164,45.13357933579336,1355.0,5.0,1365.0,1555.0,1553.0,1250.0,1320.0,1.2324723247232472
11,23,11_23,1.0,0.9640234948604993,0.4897209985315712,44.49265785609398,1362.0,5.0,1355.0,1365.0,1555.0,1553.0,1250.0,1.2151248164464024
11,24,11_24,0.0,1.0443313953488371,0.48328488372093026,44.73619186046512,1376.0,5.0,1362.0,1355.0,1365.0,1555.0,1553.0,1.1598837209302326
11,25,11_25,1.0,1.0478502080443828,0.4174757281553398,46.076976421636616,1442.0,5.0,1376.0,1362.0,1355.0,1365.0,1555.0,1.2371705963938973
11,26,11_26,1.0,1.034256559766764,0.4110787172011662,46.90597667638484,1372.0,5.0,1442.0,1376.0,1362.0,1355.0,1365.0,1.217201166180758
11,27,11_27,1.0,1.0013879250520472,0.4850798056904927,45.32755031228314,1441.0,5.0,1372.0,1442.0,1376.0,1362.0,1355.0,1.1783483691880638
11,28,11_28,1.0,1.055918663761801,0.37981118373275236,47.02251270878722,1377.0,5.0,1441.0,1372.0,1442.0,1376.0,1362.0,1.2004357298474946
11,29,11_29,1.0,1.0745901639344262,0.40327868852459015,48.11229508196721,1220.0,5.0,1377.0,1441.0,1372.0,1442.0,1376.0,1.2860655737704918
11,30,11_30,1.0,1.0673076923076923,0.42467948717948717,48.06089743589744,1248.0,5.0,1220.0,1377.0,1441.0,1372.0,1442.0,1.1939102564102564
11,31,11_31,0.0,1.048440065681445,0.3440065681444992,48.13793103448276,1218.0,5.0,1248.0,1220.0,1377.0,1441.0,1372.0,1.2216748768472907
11,32,11_32,0.0,1.0345423143350605,0.39896373056994816,47.090673575129536,1158.0,5.0,1218.0,1248.0,1220.0,1377.0,1441.0,1.1968911917098446
11,33,11_33,0.0,0.9852095316351684,0.34264585045193097,46.40838126540674,1217.0,5.0,1158.0,1218.0,1248.0,1220.0,1377.0,1.1783073130649138
11,34,11_34,0.0,1.1157495256166983,0.37855787476280833,47.586337760910816,1054.0,5.0,1217.0,1158.0,1218.0,1248.0,1220.0,1.2267552182163188
11,35,11_35,0.0,1.3017578125,0.3681640625,48.2275390625,1024.0,5.0,1054.0,1217.0,1158.0,1218.0,1248.0,1.140625
11,36,11_36,1.0,1.2555732484076434,0.31289808917197454,47.93073248407644,1256.0,5.0,1024.0,1054.0,1217.0,1158.0,1218.0,1.0374203821656052
11,37,11_37,0.0,1.0736022646850671,0.343241330502477,45.206652512385,1413.0,5.0,1256.0,1024.0,1054.0,1217.0,1158.0,1.1316348195329087
11,38,11_38,1.0,1.1673913043478261,0.35579710144927534,46.243478260869566,1380.0,5.0,1413.0,1256.0,1024.0,1054.0,1217.0,1.1028985507246376
11,39,11_39,1.0,1.1869918699186992,0.35365853658536583,46.420731707317074,1476.0,5.0,1380.0,1413.0,1256.0,1024.0,1054.0,1.0724932249322494
11,40,11_40,1.0,1.2665181885671863,0.38158871566443947,49.077951002227174,1347.0,5.0,1476.0,1380.0,1413.0,1256.0,1024.0,1.2130660727542688
11,41,11_41,1.0,1.1377358490566039,0.36886792452830186,48.0188679245283,1060.0,5.0,1347.0,1476.0,1380.0,1413.0,1256.0,1.1566037735849057
11,42,11_42,1.0,0.9381761978361669,0.33075734157650694,45.18856259659969,1294.0,5.0,1060.0,1347.0,1476.0,1380.0,1413.0,1.071870170015456
11,43,11_43,1.0,0.9563445867287543,0.3189755529685681,46.10186263096624,1718.0,5.0,1294.0,1060.0,1347.0,1476.0,1380.0,0.9423748544819558
11,44,11_44,1.0,1.061549100968188,0.2987551867219917,49.09197786998617,1446.0,5.0,1718.0,1294.0,1060.0,1347.0,1476.0,1.0643153526970954
11,45,11_45,1.0,1.1124567474048443,0.35726643598615915,50.32785467128028,1156.0,5.0,1446.0,1718.0,1294.0,1060.0,1347.0,1.1608996539792387
11,46,11_46,1.0,1.1696682464454977,0.28720379146919434,49.998104265402844,1055.0,5.0,1156.0,1446.0,1718.0,1294.0,1060.0,1.1582938388625592
11,47,11_47,1.0,1.0149253731343284,0.31902985074626866,48.634328358208954,1072.0,5.0,1055.0,1156.0,1446.0,1718.0,1294.0,1.203358208955224
11,48,11_48,1.0,1.1066376496191512,0.3297062023939064,49.45593035908596,919.0,5.0,1072.0,1055.0,1156.0,1446.0,1718.0,1.2426550598476604
11,49,11_49,1.0,0.9856763925729443,0.3480106100795756,42.822811671087536,1885.0,5.0,919.0,1072.0,1055.0,1156.0,1446.0,0.9448275862068966
11,50,11_50,1.0,1.2264150943396226,0.39552760307477286,46.322152341020264,1431.0,5.0,1885.0,919.0,1072.0,1055.0,1156.0,1.0349406009783368
11,51,11_51,0.0,1.0725244072524407,0.35355648535564854,45.94351464435147,1434.0,5.0,1431.0,1885.0,919.0,1072.0,1055.0,1.1039051603905161
11,52,11_52,1.0,1.0296969696969698,0.3478787878787879,44.695757575757575,1650.0,5.0,1434.0,1431.0,1885.0,919.0,1072.0,1.0981818181818181
11,53,11_53,1.0,1.1427412814274127,0.35928629359286296,47.74047039740471,1233.0,5.0,1650.0,1434.0,1431.0,1885.0,919.0,1.1816707218167073
11,54,11_54,1.0,1.136226034308779,0.2875882946518668,48.89808274470232,991.0,5.0,1233.0,1650.0,1434.0,1431.0,1885.0,1.3087790110998991
11,55,11_55,0.0,1.1707798617966436,0.3129318854886476,49.39585389930898,1013.0,5.0,991.0,1233.0,1650.0,1434.0,1431.0,1.2576505429417573
11,56,11_56,0.0,1.1191806331471137,0.31564245810055863,50.319366852886404,1074.0,5.0,1013.0,991.0,1233.0,1650.0,1434.0,1.313780260707635
11,57,11_57,1.0,1.2070282658517952,0.2711993888464477,48.19174942704355,1309.0,5.0,1074.0,1013.0,991.0,1233.0,1650.0,1.3376623376623376
11,58,11_58,1.0,1.2676767676767677,0.3008658008658009,45.88383838383838,1386.0,5.0,1309.0,1074.0,1013.0,991.0,1233.0,1.4617604617604618
11,59,11_59,1.0,1.2726586102719033,0.3783987915407855,51.54380664652568,1324.0,5.0,1386.0,1309.0,1074.0,1013.0,991.0,1.4992447129909365
11,60,11_60,0.0,1.3955520254169975,0.3153296266878475,54.82922954725973,1259.0,5.0,1324.0,1386.0,1309.0,1074.0,1013.0,1.4900714853057984
11,61,11_61,1.0,1.4038112522686026,0.3484573502722323,55.17695099818512,1102.0,5.0,1259.0,1324.0,1386.0,1309.0,1074.0,1.4165154264972777
11,62,11_62,1.0,1.4220095693779904,0.33875598086124403,54.78851674641148,1045.0,5.0,1102.0,1259.0,1324.0,1386.0,1309.0,1.352153110047847
11,63,11_63,0.0,1.2555110220440882,0.35971943887775554,53.37174348697395,998.0,5.0,1045.0,1102.0,1259.0,1324.0,1386.0,1.3787575150300602
11,64,11_64,0.0,1.2446808510638299,0.3307543520309478,50.697292069632496,1034.0,5.0,998.0,1045.0,1102.0,1259.0,1324.0,1.3868471953578336
11,65,11_65,1.0,1.10813704496788,0.4486081370449679,51.65738758029978,934.0,5.0,1034.0,998.0,1045.0,1102.0,1259.0,1.3822269807280514
11,66,11_66,1.0,1.197002141327623,0.33190578158458245,51.220556745182016,934.0,5.0,934.0,1034.0,998.0,1045.0,1102.0,1.3790149892933619
11,67,11_67,1.0,1.3110846245530394,0.4171632896305125,51.524433849821214,839.0,5.0,934.0,934.0,1034.0,998.0,1045.0,1.4183551847437426
11,68,11_68,1.0,1.3020706455542022,0.3861144945188794,51.11814859926918,821.0,5.0,839.0,934.0,934.0,1034.0,998.0,1.4092570036540804
11,69,11_69,0.0,1.2182539682539681,0.43783068783068785,52.264550264550266,756.0,5.0,821.0,839.0,934.0,934.0,1034.0,1.4074074074074074
11,70,11_70,0.0,1.4713603818615753,0.42482100238663484,50.9236276849642,838.0,5.0,756.0,821.0,839.0,934.0,934.0,1.2887828162291168
11,71,11_71,0.0,1.5117565698478561,0.355463347164592,53.45228215767635,723.0,5.0,838.0,756.0,821.0,839.0,934.0,1.3997233748271092
11,72,11_72,1.0,1.2891113892365458,0.41551939924906134,52.28785982478097,799.0,5.0,723.0,838.0,756.0,821.0,839.0,1.4755944931163956
11,73,11_73,1.0,1.2791828793774318,0.4348249027237354,47.25486381322957,1028.0,5.0,799.0,723.0,838.0,756.0,821.0,1.215953307392996
11,74,11_74,1.0,1.2931228861330326,0.42164599774520856,47.36076662908681,887.0,5.0,1028.0,799.0,723.0,838.0,756.0,1.2390078917700114
11,75,11_75,1.0,1.3210290827740492,0.3713646532438479,49.914988814317674,894.0,5.0,887.0,1028.0,799.0,723.0,838.0,1.3366890380313199
11,76,11_76,1.0,1.264354066985646,0.41746411483253587,49.07775119617225,836.0,5.0,894.0,887.0,1028.0,799.0,723.0,1.2787081339712918
11,77,11_77,1.0,1.177199504337051,0.3940520446096654,49.94299876084263,807.0,5.0,836.0,894.0,887.0,1028.0,799.0,1.325898389095415
11,78,11_78,0.0,1.18005540166205,0.3365650969529086,51.75623268698061,722.0,5.0,807.0,836.0,894.0,887.0,1028.0,1.3434903047091413
11,79,11_79,0.0,1.200261780104712,0.4096858638743455,50.30497382198953,764.0,5.0,722.0,807.0,836.0,894.0,887.0,1.3769633507853403
11,80,11_80,0.0,1.0651685393258428,0.28651685393258425,46.39213483146067,890.0,5.0,764.0,722.0,807.0,836.0,894.0,1.2044943820224718
11,81,11_81,1.0,1.2764830508474576,0.3061440677966102,48.89300847457627,944.0,5.0,890.0,764.0,722.0,807.0,836.0,1.166313559322034
11,82,11_82,1.0,1.1475076297049847,0.4496439471007121,44.95015259409969,983.0,5.0,944.0,890.0,764.0,722.0,807.0,1.1007121057985758
11,83,11_83,1.0,1.1121682523785679,0.4957436154231347,42.477215823735605,1997.0,5.0,983.0,944.0,890.0,764.0,722.0,0.9298948422633951
11,84,11_84,1.0,1.2535787321063394,0.39195637355146556,48.441717791411044,1467.0,5.0,1997.0,983.0,944.0,890.0,764.0,1.130879345603272
11,85,11_85,0.0,1.0384615384615385,0.3597285067873303,47.70739064856712,1326.0,5.0,1467.0,1997.0,983.0,944.0,890.0,1.0957767722473606
11,86,11_86,0.0,0.997250229147571,0.28964252978918426,47.06966086159487,1091.0,5.0,1326.0,1467.0,1997.0,983.0,944.0,1.1154903758020165
11,87,11_87,1.0,1.0463917525773196,0.32621502209131076,45.292341678939614,1358.0,5.0,1091.0,1326.0,1467.0,1997.0,983.0,1.0684830633284241
11,88,11_88,1.0,1.0766871165644172,0.30598159509202455,47.95935582822086,1304.0,5.0,1358.0,1091.0,1326.0,1467.0,1997.0,1.1503067484662577
11,89,11_89,1.0,1.0959470636889992,0.34077750206782464,48.91232423490488,1209.0,5.0,1304.0,1358.0,1091.0,1326.0,1467.0,1.1240694789081886
11,90,11_90,0.0,1.1218130311614731,0.295561850802644,49.435316336166196,1059.0,5.0,1209.0,1304.0,1358.0,1091.0,1326.0,1.2077431539187913
11,91,11_91,1.0,0.8665689149560117,0.36950146627565983,44.87243401759531,1364.0,5.0,1059.0,1209.0,1304.0,1358.0,1091.0,1.0095307917888563
11,92,11_92,1.0,1.051107325383305,0.3083475298126065,47.20698466780239,1174.0,5.0,1364.0,1059.0,1209.0,1304.0,1358.0,1.0587734241908007
11,93,11_93,0.0,1.0323159784560143,0.39228007181328545,47.025134649910235,1114.0,5.0,1174.0,1364.0,1059.0,1209.0,1304.0,1.09245960502693
11,94,11_94,1.0,1.0555555555555556,0.3132969034608379,46.85883424408014,1098.0,5.0,1114.0,1174.0,1364.0,1059.0,1209.0,1.1193078324225865
11,95,11_95,0.0,0.8923865300146413,0.2979502196193265,44.63689604685212,1366.0,5.0,1098.0,1114.0,1174.0,1364.0,1059.0,1.0095168374816983
11,96,11_96,1.0,0.9780564263322884,0.3213166144200627,47.34012539184953,1276.0,5.0,1366.0,1098.0,1114.0,1174.0,1364.0,1.115203761755486
11,97,11_97,1.0,1.124456048738033,0.3063533507397737,47.751087902523935,1149.0,5.0,1276.0,1366.0,1098.0,1114.0,1174.0,1.113141862489121
11,98,11_98,1.0,1.1227922624053828,0.3153910849453322,48.286795626576954,1189.0,5.0,1149.0,1276.0,1366.0,1098.0,1114.0,1.216148023549201
11,99,11_99,0.0,1.0742753623188406,0.3641304347826087,47.31702898550725,1104.0,5.0,1189.0,1149.0,1276.0,1366.0,1098.0,1.2210144927536233
11,100,11_100,0.0,1.1419642857142858,0.3107142857142857,48.43928571428572,1120.0,5.0,1104.0,1189.0,1149.0,1276.0,1366.0,1.2
11,101,11_101,0.0,0.9313380281690141,0.30985915492957744,46.252640845070424,1136.0,5.0,1120.0,1104.0,1189.0,1149.0,1276.0,1.147887323943662
11,102,11_102,0.0,0.8629825889477668,0.2778198334595004,44.393641180923545,1321.0,5.0,1136.0,1120.0,1104.0,1189.0,1149.0,1.1226343679031037
11,103,11_103,1.0,0.9410046728971962,0.31542056074766356,43.70677570093458,1712.0,5.0,1321.0,1136.0,1120.0,1104.0,1189.0,0.9924065420560748
11,104,11_104,1.0,0.9922580645161291,0.32903225806451614,47.76838709677419,1550.0,5.0,1712.0,1321.0,1136.0,1120.0,1104.0,1.1012903225806452
11,105,11_105,1.0,0.9905385735080058,0.2787481804949054,49.92867540029112,1374.0,5.0,1550.0,1712.0,1321.0,1136.0,1120.0,1.2387190684133915
11,106,11_106,1.0,0.9924559932942163,0.31852472757753564,48.56831517183571,1193.0,5.0,1374.0,1550.0,1712.0,1321.0,1136.0,1.1827326068734283
11,107,11_107,0.0,0.9453376205787781,0.33440514469453375,50.863344051446944,1244.0,5.0,1193.0,1374.0,1550.0,1712.0,1321.0,1.277331189710611
11,108,11_108,1.0,0.967400162999185,0.3162184189079055,46.929910350448246,1227.0,5.0,1244.0,1193.0,1374.0,1550.0,1712.0,1.1687041564792175
11,109,11_109,1.0,0.9712601326455417,0.32792925571112747,46.630066322770816,1357.0,5.0,1227.0,1244.0,1193.0,1374.0,1550.0,1.1554900515843773
11,110,11_110,0.0,0.9297685554668795,0.2641660015961692,49.057462090981645,1253.0,5.0,1357.0,1227.0,1244.0,1193.0,1374.0,1.2314445331205108
11,111,11_111,1.0,0.8877637130801688,0.2540084388185654,46.779746835443035,1185.0,5.0,1253.0,1357.0,1227.0,1244.0,1193.0,1.1459915611814346
11,112,11_112,0.0,0.9032033426183844,0.2883008356545961,46.32242339832869,1436.0,5.0,1185.0,1253.0,1357.0,1227.0,1244.0,1.0919220055710306
11,113,11_113,0.0,0.8330006653359947,0.3366600133067199,44.78775781769794,1503.0,5.0,1436.0,1185.0,1253.0,1357.0,1227.0,1.0884896872920824
11,114,11_114,0.0,0.8903080390683696,0.2832456799398948,46.89631855747558,1331.0,5.0,1503.0,1436.0,1185.0,1253.0,1357.0,1.1322314049586777
11,115,11_115,0.0,0.9187236604455148,0.2901866345574955,45.98675496688742,1661.0,5.0,1331.0,1503.0,1436.0,1185.0,1253.0,1.0620108368452739
11,116,11_116,0.0,0.8357712765957447,0.29388297872340424,46.005984042553195,1504.0,5.0,1661.0,1331.0,1503.0,1436.0,1185.0,1.0990691489361701
11,117,11_117,0.0,0.7801837270341208,0.2650918635170604,45.95603674540683,1524.0,5.0,1504.0,1661.0,1331.0,1503.0,1436.0,1.054461942257218
11,118,11_118,1.0,0.8421936205931729,0.35086737548964747,45.75041969781757,1787.0,5.0,1524.0,1504.0,1661.0,1331.0,1503.0,1.1040850587576945
11,119,11_119,0.0,0.9131529263687854,0.3536815607300189,47.522970421648836,1589.0,5.0,1787.0,1524.0,1504.0,1661.0,1331.0,1.1856513530522341
11,120,11_120,1.0,0.8553921568627451,0.2959558823529412,46.8609068627451,1632.0,5.0,1589.0,1787.0,1524.0,1504.0,1661.0,1.1066176470588236
11,121,11_121,0.0,0.9313929313929314,0.33194733194733195,46.88496188496188,1443.0,5.0,1632.0,1589.0,1787.0,1524.0,1504.0,1.173943173943174
11,122,11_122,1.0,0.7681879801174876,0.5029371893357434,38.36150022593764,2213.0,5.0,1443.0,1632.0,1589.0,1787.0,1524.0,0.8002711251694532
11,123,11_123,1.0,0.8325762491888384,0.700194678780013,38.23166774821544,1541.0,5.0,2213.0,1443.0,1632.0,1589.0,1787.0,0.8475016223231667
11,124,11_124,1.0,0.8135483870967742,0.6593548387096774,41.30774193548387,1550.0,5.0,1541.0,2213.0,1443.0,1632.0,1589.0,0.9690322580645161
11,125,11_125,1.0,0.8559577677224736,0.6930618401206636,46.21417797888386,1326.0,5.0,1550.0,1541.0,2213.0,1443.0,1632.0,1.0746606334841629
11,126,11_126,1.0,0.9991638795986622,0.6312709030100334,50.05016722408027,1196.0,5.0,1326.0,1550.0,1541.0,2213.0,1443.0,1.1730769230769231
11,127,11_127,1.0,1.0446827524575515,0.5540661304736372,50.98927613941019,1119.0,5.0,1196.0,1326.0,1550.0,1541.0,2213.0,1.2323503127792672
11,128,11_128,0.0,1.0467479674796747,0.5447154471544715,50.02743902439025,984.0,5.0,1119.0,1196.0,1326.0,1550.0,1541.0,1.2357723577235773
11,129,11_129,0.0,0.9988998899889989,0.605060506050605,51.53135313531353,909.0,5.0,984.0,1119.0,1196.0,1326.0,1550.0,1.2497249724972497
12,0,12_0,0.0,2.263157894736842,0.41295546558704455,52.74493927125506,247.0,40.0,0.0,0.0,0.0,0.0,0.0,1.6072874493927125
12,1,12_1,0.0,2.598984771573604,0.6294416243654822,53.888324873096444,197.0,40.0,247.0,0.0,0.0,0.0,0.0,1.6040609137055837
12,2,12_2,0.0,2.433333333333333,0.7,52.45,240.0,40.0,197.0,247.0,0.0,0.0,0.0,1.5916666666666666
12,3,12_3,0.0,2.662878787878788,0.6363636363636364,52.86363636363637,264.0,40.0,240.0,197.0,247.0,0.0,0.0,1.606060606060606
12,4,12_4,1.0,3.1488095238095237,0.7172619047619048,56.029761904761905,336.0,40.0,264.0,240.0,197.0,247.0,0.0,1.8779761904761905
12,5,12_5,1.0,2.524193548387097,0.696236559139785,56.05913978494624,372.0,40.0,336.0,264.0,240.0,197.0,247.0,1.924731182795699
12,6,12_6,0.0,2.4339622641509435,0.5283018867924528,53.27358490566038,318.0,40.0,372.0,336.0,264.0,240.0,197.0,1.669811320754717
12,7,12_7,0.0,2.2584615384615385,0.4523076923076923,52.246153846153845,325.0,40.0,318.0,372.0,336.0,264.0,240.0,1.7384615384615385
12,8,12_8,0.0,2.2043343653250775,0.5882352941176471,50.39318885448916,323.0,40.0,325.0,318.0,372.0,336.0,264.0,1.6284829721362228
12,9,12_9,0.0,2.5217391304347827,0.6254180602006689,51.508361204013376,299.0,40.0,323.0,325.0,318.0,372.0,336.0,1.588628762541806
12,10,12_10,1.0,2.56353591160221,0.567219152854512,52.37200736648251,543.0,40.0,299.0,323.0,325.0,318.0,372.0,1.6556169429097607
12,11,12_11,1.0,2.3282051282051284,0.47435897435897434,50.18205128205128,390.0,40.0,543.0,299.0,323.0,325.0,318.0,1.6948717948717948
12,12,12_12,0.0,2.452449567723343,0.4409221902017291,52.242074927953894,347.0,40.0,390.0,543.0,299.0,323.0,325.0,1.6570605187319885
12,13,12_13,0.0,2.5412186379928317,0.5985663082437276,51.24372759856631,279.0,40.0,347.0,390.0,543.0,299.0,323.0,1.6272401433691757
12,14,12_14,0.0,2.112403100775194,0.5155038759689923,50.08914728682171,258.0,40.0,279.0,347.0,390.0,543.0,299.0,1.569767441860465
12,15,12_15,0.0,2.3690036900369003,0.5092250922509225,51.45387453874539,271.0,40.0,258.0,279.0,347.0,390.0,543.0,1.6236162361623616
12,16,12_16,0.0,2.384297520661157,0.6322314049586777,54.09090909090909,242.0,40.0,271.0,258.0,279.0,347.0,390.0,1.615702479338843
12,17,12_17,0.0,2.265486725663717,0.38495575221238937,50.84513274336283,226.0,40.0,242.0,271.0,258.0,279.0,347.0,1.6991150442477876
12,18,12_18,0.0,2.6258992805755397,0.4676258992805755,56.46762589928058,278.0,40.0,226.0,242.0,271.0,258.0,279.0,1.70863309352518
12,19,12_19,0.0,2.651821862348178,0.4939271255060729,53.421052631578945,247.0,40.0,278.0,226.0,242.0,271.0,258.0,1.6194331983805668
12,20,12_20,0.0,2.4064516129032256,0.4806451612903226,53.806451612903224,310.0,40.0,247.0,278.0,226.0,242.0,271.0,1.6290322580645162
12,21,12_21,0.0,3.034843205574913,0.3623693379790941,58.43554006968641,287.0,40.0,310.0,247.0,278.0,226.0,242.0,1.5609756097560976
12,22,12_22,0.0,3.0437710437710437,0.4208754208754209,59.2996632996633,297.0,40.0,287.0,310.0,247.0,278.0,226.0,1.5555555555555556
12,23,12_23,0.0,2.932806324110672,0.32806324110671936,58.41501976284585,253.0,40.0,297.0,287.0,310.0,247.0,278.0,1.482213438735178
12,24,12_24,0.0,2.8524590163934427,0.6024590163934426,56.60655737704918,244.0,40.0,253.0,297.0,287.0,310.0,247.0,1.540983606557377
12,25,12_25,1.0,2.3992395437262357,0.4144486692015209,54.64638783269962,263.0,40.0,244.0,253.0,297.0,287.0,310.0,1.726235741444867
12,26,12_26,0.0,2.207843137254902,0.45098039215686275,51.95294117647059,255.0,40.0,263.0,244.0,253.0,297.0,287.0,1.6274509803921569
12,27,12_27,0.0,2.276315789473684,0.4780701754385965,52.37719298245614,228.0,40.0,255.0,263.0,244.0,253.0,297.0,1.8114035087719298
12,28,12_28,1.0,2.4007782101167314,0.43190661478599224,52.731517509727624,257.0,40.0,228.0,255.0,263.0,244.0,253.0,1.6653696498054475
12,29,12_29,0.0,2.437007874015748,0.421259842519685,53.326771653543304,254.0,40.0,257.0,228.0,255.0,263.0,244.0,1.578740157480315
12,30,12_30,1.0,2.260152284263959,0.8553299492385786,47.52284263959391,788.0,40.0,254.0,257.0,228.0,255.0,263.0,1.5736040609137056
12,31,12_31,1.0,2.0527027027027027,1.4648648648648648,41.91554054054054,1480.0,40.0,788.0,254.0,257.0,228.0,255.0,1.522972972972973
12,32,12_32,1.0,2.1622590766472434,1.2837292693859257,46.29045271178843,2231.0,40.0,1480.0,788.0,254.0,257.0,228.0,1.6795159121470193
12,33,12_33,1.0,2.176470588235294,1.1227071473750792,50.523086654016446,1581.0,40.0,2231.0,1480.0,788.0,254.0,257.0,1.8260594560404808
12,34,12_34,1.0,2.3213957759412307,0.8815426997245179,52.87511478420569,1089.0,40.0,1581.0,2231.0,1480.0,788.0,254.0,1.898989898989899
12,35,12_35,1.0,2.3839285714285716,0.8227040816326531,54.816326530612244,784.0,40.0,1089.0,1581.0,2231.0,1480.0,788.0,1.9323979591836735
12,36,12_36,1.0,2.3943661971830985,0.7517605633802817,56.15845070422535,568.0,40.0,784.0,1089.0,1581.0,2231.0,1480.0,1.8996478873239437
12,37,12_37,1.0,2.5220588235294117,0.7058823529411765,55.166666666666664,408.0,40.0,568.0,784.0,1089.0,1581.0,2231.0,1.8406862745098038
12,38,12_38,1.0,2.3740458015267176,0.7022900763358778,55.61832061068702,393.0,40.0,408.0,568.0,784.0,1089.0,1581.0,1.921119592875318
12,39,12_39,1.0,2.245614035087719,0.5513784461152882,54.16541353383459,399.0,40.0,393.0,408.0,568.0,784.0,1089.0,1.799498746867168
12,40,12_40,1.0,2.3257790368271953,0.4702549575070821,54.82436260623229,353.0,40.0,399.0,393.0,408.0,568.0,784.0,1.9093484419263456
12,41,12_41,1.0,2.1336206896551726,0.5732758620689655,49.252155172413794,464.0,40.0,353.0,399.0,393.0,408.0,568.0,1.6508620689655173
12,42,12_42,1.0,2.265151515151515,0.5303030303030303,53.6540404040404,396.0,40.0,464.0,353.0,399.0,393.0,408.0,1.7348484848484849
12,43,12_43,0.0,2.2519893899204244,0.46949602122015915,54.212201591511935,377.0,40.0,396.0,464.0,353.0,399.0,393.0,1.793103448275862
12,44,12_44,1.0,2.219435736677116,0.4827586206896552,54.28526645768025,319.0,40.0,377.0,396.0,464.0,353.0,399.0,1.8056426332288402
12,45,12_45,1.0,2.08359133126935,0.43653250773993807,54.585139318885446,323.0,40.0,319.0,377.0,396.0,464.0,353.0,1.8390092879256965
12,46,12_46,1.0,2.1546052631578947,0.6546052631578947,53.80263157894737,304.0,40.0,323.0,319.0,377.0,396.0,464.0,1.7960526315789473
12,47,12_47,1.0,2.348122866894198,0.5802047781569966,56.19453924914676,293.0,40.0,304.0,323.0,319.0,377.0,396.0,1.863481228668942
12,48,12_48,0.0,2.2739726027397262,0.4931506849315068,55.10958904109589,292.0,40.0,293.0,304.0,323.0,319.0,377.0,1.8013698630136987
12,49,12_49,0.0,2.5,0.3651315789473684,57.30263157894737,304.0,40.0,292.0,293.0,304.0,323.0,319.0,1.9473684210526316
12,50,12_50,0.0,2.4833333333333334,0.56,54.42333333333333,300.0,40.0,304.0,292.0,293.0,304.0,323.0,1.6666666666666667
12,51,12_51,0.0,2.5,0.4214876033057851,56.31404958677686,242.0,40.0,300.0,304.0,292.0,293.0,304.0,1.7272727272727273
12,52,12_52,0.0,2.6379310344827585,0.4956896551724138,54.18103448275862,232.0,40.0,242.0,300.0,304.0,292.0,293.0,1.8491379310344827
12,53,12_53,0.0,2.2763636363636364,0.43636363636363634,52.88727272727273,275.0,40.0,232.0,242.0,300.0,304.0,292.0,1.68
12,54,12_54,1.0,2.308641975308642,0.39197530864197533,54.44753086419753,324.0,40.0,275.0,232.0,242.0,300.0,304.0,1.7993827160493827
12,55,12_55,1.0,2.2935560859188544,0.35083532219570407,54.94510739856802,419.0,40.0,324.0,275.0,232.0,242.0,300.0,1.8544152744630071
12,56,12_56,1.0,2.101156069364162,0.4913294797687861,54.44219653179191,346.0,40.0,419.0,324.0,275.0,232.0,242.0,1.754335260115607
12,57,12_57,1.0,2.484848484848485,0.3606060606060606,54.68181818181818,330.0,40.0,346.0,419.0,324.0,275.0,232.0,1.7333333333333334
12,58,12_58,1.0,2.595180722891566,0.363855421686747,55.29638554216867,415.0,40.0,330.0,346.0,419.0,324.0,275.0,1.9180722891566264
12,59,12_59,1.0,2.411027568922306,0.40852130325814534,55.609022556390975,399.0,40.0,415.0,330.0,346.0,419.0,324.0,1.9223057644110275
12,60,12_60,1.0,2.518207282913165,0.4733893557422969,60.252100840336134,357.0,40.0,399.0,415.0,330.0,346.0,419.0,1.9747899159663866
12,61,12_61,1.0,2.3086816720257235,0.4855305466237942,57.260450160771704,311.0,40.0,357.0,399.0,415.0,330.0,346.0,1.8520900321543408
12,62,12_62,1.0,2.150877192982456,0.4245614035087719,52.68421052631579,285.0,40.0,311.0,357.0,399.0,415.0,330.0,1.7719298245614035
12,63,12_63,0.0,2.1672727272727275,0.44363636363636366,56.64,275.0,40.0,285.0,311.0,357.0,399.0,415.0,1.9090909090909092
12,64,12_64,0.0,2.25752508361204,0.46153846153846156,55.95652173913044,299.0,40.0,275.0,285.0,311.0,357.0,399.0,1.7759197324414715
12,65,12_65,0.0,2.4093264248704664,0.4637305699481865,59.16580310880829,386.0,40.0,299.0,275.0,285.0,311.0,357.0,1.7979274611398963
12,66,12_66,1.0,2.225296442687747,0.41106719367588934,56.92885375494071,253.0,40.0,386.0,299.0,275.0,285.0,311.0,1.7865612648221343
12,67,12_67,0.0,2.1025641025641026,0.4326923076923077,57.955128205128204,312.0,40.0,253.0,386.0,299.0,275.0,285.0,1.7884615384615385
12,68,12_68,1.0,2.186046511627907,0.41472868217054265,56.71705426356589,258.0,40.0,312.0,253.0,386.0,299.0,275.0,1.930232558139535
12,69,12_69,1.0,2.4321608040201004,0.4271356783919598,58.437185929648244,199.0,40.0,258.0,312.0,253.0,386.0,299.0,1.7035175879396984
12,70,12_70,0.0,2.2514619883040936,0.42105263157894735,54.27485380116959,342.0,40.0,199.0,258.0,312.0,253.0,386.0,1.7309941520467835
12,71,12_71,0.0,2.091803278688525,0.4098360655737705,53.87868852459017,305.0,40.0,342.0,199.0,258.0,312.0,253.0,1.7737704918032786
12,72,12_72,0.0,1.9747899159663866,0.5714285714285714,57.58543417366947,357.0,40.0,305.0,342.0,199.0,258.0,312.0,1.8207282913165266
12,73,12_73,1.0,2.017031630170316,0.5571776155717761,60.352798053527984,411.0,40.0,357.0,305.0,342.0,199.0,258.0,1.7907542579075426
12,74,12_74,1.0,2.006550218340611,0.6331877729257642,59.33406113537118,458.0,40.0,411.0,357.0,305.0,342.0,199.0,1.8231441048034935
12,75,12_75,1.0,2.2180094786729856,0.4004739336492891,58.79383886255924,422.0,40.0,458.0,411.0,357.0,305.0,342.0,1.7938388625592416
12,76,12_76,1.0,2.0930232558139537,0.4186046511627907,54.651162790697676,301.0,40.0,422.0,458.0,411.0,357.0,305.0,1.787375415282392
12,77,12_77,1.0,2.1361867704280155,0.4357976653696498,54.42412451361868,257.0,40.0,301.0,422.0,458.0,411.0,357.0,1.8404669260700388
12,78,12_78,0.0,2.338129496402878,0.34172661870503596,56.01798561151079,278.0,40.0,257.0,301.0,422.0,458.0,411.0,1.776978417266187
12,79,12_79,1.0,2.75,0.36971830985915494,58.30281690140845,284.0,40.0,278.0,257.0,301.0,422.0,458.0,1.8169014084507042
12,80,12_80,1.0,2.085661080074488,0.9013035381750466,44.52141527001862,537.0,40.0,284.0,278.0,257.0,301.0,422.0,1.4860335195530727
12,81,12_81,1.0,2.307776560788609,1.1248630887185105,44.36692223439211,913.0,40.0,537.0,284.0,278.0,257.0,301.0,1.4008762322015333
12,82,12_82,1.0,2.2086843810758263,1.1075826312378483,48.26312378483474,1543.0,40.0,913.0,537.0,284.0,278.0,257.0,1.492546986390149
12,83,12_83,1.0,2.250217202432667,0.9791485664639444,51.95829713292789,1151.0,40.0,1543.0,913.0,537.0,284.0,278.0,1.6185925282363163
12,84,12_84,1.0,2.1911764705882355,0.8857466063348416,53.39140271493213,884.0,40.0,1151.0,1543.0,913.0,537.0,284.0,1.6447963800904977
12,85,12_85,1.0,2.1091058244462673,0.9532403609515997,43.473338802296965,1219.0,40.0,884.0,1151.0,1543.0,913.0,537.0,1.6817063166529942
12,86,12_86,1.0,2.3058637083993663,0.9635499207606973,48.20285261489699,1262.0,40.0,1219.0,884.0,1151.0,1543.0,913.0,1.884310618066561
12,87,12_87,1.0,2.243542435424354,0.8474784747847478,51.65436654366544,813.0,40.0,1262.0,1219.0,884.0,1151.0,1543.0,1.8905289052890528
12,88,12_88,1.0,2.176470588235294,0.7476280834914611,53.84060721062619,527.0,40.0,813.0,1262.0,1219.0,884.0,1151.0,1.907020872865275
12,89,12_89,0.0,2.178723404255319,0.5276595744680851,52.731914893617024,470.0,40.0,527.0,813.0,1262.0,1219.0,884.0,1.8893617021276596
12,90,12_90,1.0,2.3004484304932737,0.6278026905829597,54.00448430493274,446.0,40.0,470.0,527.0,813.0,1262.0,1219.0,1.9237668161434978
12,91,12_91,1.0,2.065040650406504,0.5934959349593496,55.40379403794038,369.0,40.0,446.0,470.0,527.0,813.0,1262.0,1.981029810298103
12,92,12_92,1.0,2.1278772378516626,0.5524296675191815,53.32225063938619,391.0,40.0,369.0,446.0,470.0,527.0,813.0,1.792838874680307
12,93,12_93,0.0,2.274447949526814,0.5141955835962145,53.85173501577287,317.0,40.0,391.0,369.0,446.0,470.0,527.0,1.861198738170347
12,94,12_94,0.0,2.11271676300578,0.6416184971098265,54.51156069364162,346.0,40.0,317.0,391.0,369.0,446.0,470.0,1.8323699421965318
12,95,12_95,1.0,2.3312262958280656,0.9367888748419722,42.5865992414665,791.0,40.0,346.0,317.0,391.0,369.0,446.0,1.618204804045512
12,96,12_96,1.0,2.3487124463519313,0.8476394849785408,48.227467811158796,932.0,40.0,791.0,346.0,317.0,391.0,369.0,1.740343347639485
13,0,13_0,0.0,1.3980392156862744,0.44607843137254904,51.01764705882353,1020.0,30.0,0.0,0.0,0.0,0.0,0.0,1.0529411764705883
13,1,13_1,0.0,1.1210268948655258,0.3643031784841076,48.76283618581907,818.0,30.0,1020.0,0.0,0.0,0.0,0.0,1.0929095354523228
13,2,13_2,0.0,1.2184412733260153,0.48518111964873767,48.34138309549945,911.0,30.0,818.0,1020.0,0.0,0.0,0.0,1.0647639956092205
13,3,13_3,0.0,1.0798640611724724,0.49787595581988103,45.27782497875956,1177.0,30.0,911.0,818.0,1020.0,0.0,0.0,1.0229396771452846
13,4,13_4,0.0,1.0891089108910892,0.5742574257425742,43.92821782178218,1212.0,30.0,1177.0,911.0,818.0,1020.0,0.0,1.1534653465346534
13,5,13_5,1.0,1.104675505931612,0.5129099790648988,44.95115143056525,1433.0,30.0,1212.0,1177.0,911.0,818.0,1020.0,1.1200279134682485
13,6,13_6,1.0,1.0441471571906356,0.5083612040133779,44.84615384615385,1495.0,30.0,1433.0,1212.0,1177.0,911.0,818.0,1.111036789297659
13,7,13_7,1.0,1.063178047223995,0.5513720485003191,44.39502233567326,1567.0,30.0,1495.0,1433.0,1212.0,1177.0,911.0,1.118059987236758
13,8,13_8,1.0,1.0094876660341556,0.4794433902593295,44.40164452877925,1581.0,30.0,1567.0,1495.0,1433.0,1212.0,1177.0,1.0866540164452878
13,9,13_9,1.0,1.0017094017094017,0.46780626780626783,43.319088319088316,1755.0,30.0,1581.0,1567.0,1495.0,1433.0,1212.0,1.1031339031339031
13,10,13_10,1.0,1.150359314538419,0.531232725262576,43.36207849640685,1809.0,30.0,1755.0,1581.0,1567.0,1495.0,1433.0,1.1663902708678828
13,11,13_11,0.0,1.128238341968912,0.5323834196891192,44.009715025906736,1544.0,30.0,1809.0,1755.0,1581.0,1567.0,1495.0,1.1152849740932642
13,12,13_12,1.0,1.0577568838146407,0.4318334452652787,44.6051040967092,1489.0,30.0,1544.0,1809.0,1755.0,1581.0,1567.0,1.1470785762256548
13,13,13_13,1.0,0.9914263445050663,0.387373343725643,44.56508183943882,1283.0,30.0,1489.0,1544.0,1809.0,1755.0,1581.0,1.0997661730319563
13,14,13_14,1.0,0.9739389426656738,0.4028294862248697,43.99180938198064,1343.0,30.0,1283.0,1489.0,1544.0,1809.0,1755.0,1.0558451228592702
13,15,13_15,0.0,1.0812452543659834,0.3933181473044799,47.41154138192863,1317.0,30.0,1343.0,1283.0,1489.0,1544.0,1809.0,1.1511009870918756
13,16,13_16,0.0,0.8051140290255702,0.33932273669661367,41.92398064961991,1447.0,30.0,1317.0,1343.0,1283.0,1489.0,1544.0,0.9875604699378023
13,17,13_17,0.0,1.0312744331508992,0.43393275996872555,44.35496481626271,1279.0,30.0,1447.0,1317.0,1343.0,1283.0,1489.0,1.1149335418295543
13,18,13_18,0.0,1.0,0.37209302325581395,44.46752205292702,1247.0,30.0,1279.0,1447.0,1317.0,1343.0,1283.0,1.0914194065757818
13,19,13_19,0.0,0.9879182156133829,0.3308550185873606,45.610594795539036,1076.0,30.0,1247.0,1279.0,1447.0,1317.0,1343.0,1.1570631970260223
13,20,13_20,0.0,0.9862012987012987,0.3352272727272727,47.22483766233766,1232.0,30.0,1076.0,1247.0,1279.0,1447.0,1317.0,1.140422077922078
13,21,13_21,0.0,0.9028960817717206,0.3415672913117547,46.823679727427596,1174.0,30.0,1232.0,1076.0,1247.0,1279.0,1447.0,1.0996592844974447
13,22,13_22,0.0,0.9003436426116839,0.3118556701030928,45.373711340206185,1164.0,30.0,1174.0,1232.0,1076.0,1247.0,1279.0,1.1391752577319587
13,23,13_23,0.0,1.0351219512195122,0.32097560975609757,47.08682926829268,1025.0,30.0,1164.0,1174.0,1232.0,1076.0,1247.0,1.1297560975609755
13,24,13_24,1.0,1.0471596998928188,0.4040728831725616,46.91961414790997,933.0,30.0,1025.0,1164.0,1174.0,1232.0,1076.0,1.0685959271168275
13,25,13_25,0.0,1.0756521739130436,0.3182608695652174,45.874782608695654,1150.0,30.0,933.0,1025.0,1164.0,1174.0,1232.0,1.0434782608695652
13,26,13_26,0.0,0.8204826368452031,0.329605650382578,40.954090641553854,1699.0,30.0,1150.0,933.0,1025.0,1164.0,1174.0,0.949970570924073
13,27,13_27,1.0,0.9550072568940493,0.3164005805515239,46.98693759071118,1378.0,30.0,1699.0,1150.0,933.0,1025.0,1164.0,1.0566037735849056
13,28,13_28,1.0,0.6680597014925374,0.41194029850746267,37.142686567164176,1675.0,30.0,1378.0,1699.0,1150.0,933.0,1025.0,0.8429850746268657
13,29,13_29,1.0,0.7545682551056969,0.4700824077391616,38.840200644930135,2791.0,30.0,1675.0,1378.0,1699.0,1150.0,933.0,0.8735220351128627
13,30,13_30,1.0,0.9700833742030407,0.41343795978420794,45.281020107896026,2039.0,30.0,2791.0,1675.0,1378.0,1699.0,1150.0,1.0926924963217264
13,31,13_31,0.0,0.8490437158469946,0.3818306010928962,45.052595628415304,1464.0,30.0,2039.0,2791.0,1675.0,1378.0,1699.0,1.0826502732240437
13,32,13_32,1.0,0.9375523889354568,0.5875943000838223,37.39899413243923,2386.0,30.0,1464.0,2039.0,2791.0,1675.0,1378.0,0.8721709974853311
13,33,13_33,1.0,0.9342650103519669,0.4917184265010352,42.05848861283644,1932.0,30.0,2386.0,1464.0,2039.0,2791.0,1675.0,1.0031055900621118
13,34,13_34,1.0,0.9717444717444718,0.386977886977887,43.65909090909091,1628.0,30.0,1932.0,2386.0,1464.0,2039.0,2791.0,1.0909090909090908
13,35,13_35,0.0,0.959344262295082,0.3980327868852459,46.69114754098361,1525.0,30.0,1628.0,1932.0,2386.0,1464.0,2039.0,1.158688524590164
13,36,13_36,0.0,0.9211032713277743,0.3110968569595895,46.37139191789609,1559.0,30.0,1525.0,1628.0,1932.0,2386.0,1464.0,1.1994868505452212
13,37,13_37,0.0,0.9921011058451816,0.3380726698262243,46.812006319115326,1266.0,30.0,1559.0,1525.0,1628.0,1932.0,2386.0,1.1216429699842023
13,38,13_38,0.0,0.9391025641025641,0.34615384615384615,48.70272435897436,1248.0,30.0,1266.0,1559.0,1525.0,1628.0,1932.0,1.1979166666666667
13,39,13_39,0.0,0.9159584513692163,0.37016052880075545,47.79603399433428,1059.0,30.0,1248.0,1266.0,1559.0,1525.0,1628.0,1.0708215297450425
13,40,13_40,0.0,0.8741214057507988,0.34185303514376997,44.198722044728434,1565.0,30.0,1059.0,1248.0,1266.0,1559.0,1525.0,1.0792332268370608
13,41,13_41,0.0,0.8901569186875892,0.3202567760342368,45.24607703281027,1402.0,30.0,1565.0,1059.0,1248.0,1266.0,1559.0,1.0099857346647647
13,42,13_42,0.0,0.9620362381363244,0.3839516824849008,49.74978429680759,1159.0,30.0,1402.0,1565.0,1059.0,1248.0,1266.0,1.0966350301984469
13,43,13_43,0.0,0.9386637458926615,0.3209200438116101,47.54326396495071,913.0,30.0,1159.0,1402.0,1565.0,1059.0,1248.0,1.1369112814895947
13,44,13_44,1.0,0.8339070567986231,0.3244406196213425,45.05507745266782,1162.0,30.0,913.0,1159.0,1402.0,1565.0,1059.0,1.1067125645438898
13,45,13_45,0.0,0.9612530915086562,0.35614179719703215,49.01813685078318,1213.0,30.0,1162.0,913.0,1159.0,1402.0,1565.0,1.1723000824402308
13,46,13_46,0.0,0.9059266227657573,0.30761994355597366,49.715898400752586,1063.0,30.0,1213.0,1162.0,913.0,1159.0,1402.0,1.187206020696143
13,47,13_47,0.0,1.0596379126730564,0.29499467518636846,48.42066027689031,939.0,30.0,1063.0,1213.0,1162.0,913.0,1159.0,1.233226837060703
13,48,13_48,0.0,0.8984615384615384,0.29025641025641025,47.113846153846154,975.0,30.0,939.0,1063.0,1213.0,1162.0,913.0,1.1866666666666668
13,49,13_49,1.0,0.9282769991755977,0.34047815333882936,45.9876339653751,1213.0,30.0,975.0,939.0,1063.0,1213.0,1162.0,1.0082440230832646
13,50,13_50,1.0,1.0638977635782747,0.2819488817891374,48.63258785942492,1252.0,30.0,1213.0,975.0,939.0,1063.0,1213.0,1.1573482428115016
13,51,13_51,0.0,1.0644283121597096,0.2813067150635209,48.614337568058076,1102.0,30.0,1252.0,1213.0,975.0,939.0,1063.0,1.146098003629764
13,52,13_52,0.0,0.9585858585858585,0.3,47.65959595959596,990.0,30.0,1102.0,1252.0,1213.0,975.0,939.0,1.1353535353535353
13,53,13_53,0.0,1.0344444444444445,0.3211111111111111,50.406666666666666,900.0,30.0,990.0,1102.0,1252.0,1213.0,975.0,1.0977777777777777
13,54,13_54,0.0,1.1111111111111112,0.32545931758530183,51.195975503062115,1143.0,30.0,900.0,990.0,1102.0,1252.0,1213.0,0.9151356080489939
13,55,13_55,1.0,1.0525096525096524,0.2911196911196911,51.6957528957529,1295.0,30.0,1143.0,900.0,990.0,1102.0,1252.0,0.9745173745173745
13,56,13_56,0.0,0.9466248037676609,0.30847723704866564,49.8171114599686,1274.0,30.0,1295.0,1143.0,900.0,990.0,1102.0,1.1365777080062793
13,57,13_57,1.0,1.0818394388152768,0.2852689010132502,49.62977396726423,1283.0,30.0,1274.0,1295.0,1143.0,900.0,990.0,1.2883865939204988
13,58,13_58,1.0,1.1020986954055587,0.3040272263187748,46.75212705615428,1763.0,30.0,1283.0,1274.0,1295.0,1143.0,900.0,1.3919455473624505
13,59,13_59,1.0,1.1254901960784314,0.32941176470588235,50.166666666666664,1530.0,30.0,1763.0,1283.0,1274.0,1295.0,1143.0,1.445751633986928
13,60,13_60,1.0,1.1661931818181819,0.35511363636363635,52.75213068181818,1408.0,30.0,1530.0,1763.0,1283.0,1274.0,1295.0,1.4438920454545454
13,61,13_61,1.0,1.0945017182130585,0.34621993127147765,52.378865979381445,1164.0,30.0,1408.0,1530.0,1763.0,1283.0,1274.0,1.4140893470790379
13,62,13_62,1.0,1.086080586080586,0.30952380952380953,52.27564102564103,1092.0,30.0,1164.0,1408.0,1530.0,1763.0,1283.0,1.2673992673992673
13,63,13_63,1.0,0.9459459459459459,0.3616029822926375,51.263746505125816,1073.0,30.0,1092.0,1164.0,1408.0,1530.0,1763.0,1.2739981360671015
13,64,13_64,1.0,1.084372003835091,0.36625119846596355,52.88207094918504,1043.0,30.0,1073.0,1092.0,1164.0,1408.0,1530.0,1.2895493767976989
13,65,13_65,0.0,1.299284984678243,0.355464759959142,55.61184882533197,979.0,30.0,1043.0,1073.0,1092.0,1164.0,1408.0,1.2747701736465782
13,66,13_66,1.0,1.2910372608257805,0.33434038267875127,55.09365558912387,993.0,30.0,979.0,1043.0,1073.0,1092.0,1164.0,1.363544813695871
13,67,13_67,0.0,1.1652078774617067,0.38074398249452956,53.776805251641136,914.0,30.0,993.0,979.0,1043.0,1073.0,1092.0,1.2527352297592997
13,68,13_68,0.0,1.1333333333333333,0.3169590643274854,54.0,855.0,30.0,914.0,993.0,979.0,1043.0,1073.0,1.2549707602339182
13,69,13_69,0.0,0.9576659038901602,0.32723112128146453,54.36727688787185,874.0,30.0,855.0,914.0,993.0,979.0,1043.0,1.4393592677345537
13,70,13_70,0.0,1.0131868131868131,0.3054945054945055,54.354945054945055,910.0,30.0,874.0,855.0,914.0,993.0,979.0,1.1923076923076923
13,71,13_71,0.0,1.0614250614250613,0.3955773955773956,52.883292383292385,814.0,30.0,910.0,874.0,855.0,914.0,993.0,1.2432432432432432
13,72,13_72,1.0,1.0922431865828093,0.39937106918238996,50.242138364779876,954.0,30.0,814.0,910.0,874.0,855.0,914.0,1.2327044025157232
13,73,13_73,1.0,1.1594048884165782,0.35069075451647186,49.615302869287994,941.0,30.0,954.0,814.0,910.0,874.0,855.0,1.2624867162592985
13,74,13_74,1.0,1.101057579318449,0.4571092831962397,51.82373678025852,851.0,30.0,941.0,954.0,814.0,910.0,874.0,1.1410105757931845
13,75,13_75,1.0,1.083627797408716,0.34393404004711425,49.29681978798587,849.0,30.0,851.0,941.0,954.0,814.0,910.0,1.1566548881036514
13,76,13_76,1.0,1.0459905660377358,0.3231132075471698,50.320754716981135,848.0,30.0,849.0,851.0,941.0,954.0,814.0,1.2087264150943395
13,77,13_77,0.0,1.0817843866171004,0.35192069392812886,50.267657992565056,807.0,30.0,848.0,849.0,851.0,941.0,954.0,1.1028500619578687
13,78,13_78,0.0,0.9669540229885057,0.3261494252873563,48.150862068965516,696.0,30.0,807.0,848.0,849.0,851.0,941.0,1.0617816091954022
13,79,13_79,0.0,0.985254691689008,0.40884718498659517,48.605898123324394,746.0,30.0,696.0,807.0,848.0,849.0,851.0,1.160857908847185
13,80,13_80,1.0,1.0973741794310723,0.4223194748358862,47.97483588621444,914.0,30.0,746.0,696.0,807.0,848.0,849.0,1.0984682713347922
13,81,13_81,0.0,1.0831202046035806,0.32608695652173914,52.15856777493606,782.0,30.0,914.0,746.0,696.0,807.0,848.0,1.156010230179028
13,82,13_82,1.0,1.0953878406708595,0.31551362683438156,46.4538784067086,954.0,30.0,782.0,914.0,746.0,696.0,807.0,0.9633123689727463
13,83,13_83,1.0,1.1077625570776255,0.3817351598173516,48.44931506849315,1095.0,30.0,954.0,782.0,914.0,746.0,696.0,0.9990867579908675
13,84,13_84,1.0,1.0987415295256535,0.32236205227492737,49.246853823814135,1033.0,30.0,1095.0,954.0,782.0,914.0,746.0,1.0677637947725072
13,85,13_85,1.0,1.1326021934197408,0.33599202392821537,49.94616151545364,1003.0,30.0,1033.0,1095.0,954.0,782.0,914.0,1.13160518444666
13,86,13_86,0.0,1.0019569471624266,0.34344422700587085,47.29354207436399,1022.0,30.0,1003.0,1033.0,1095.0,954.0,782.0,1.1193737769080234
13,87,13_87,1.0,1.0522317188983856,0.29154795821462487,50.415004748338085,1053.0,30.0,1022.0,1003.0,1033.0,1095.0,954.0,1.174738841405508
13,88,13_88,0.0,0.9594594594594594,0.3186936936936937,48.12837837837838,888.0,30.0,1053.0,1022.0,1003.0,1033.0,1095.0,1.2308558558558558
13,89,13_89,1.0,0.900352733686067,0.29365079365079366,46.595238095238095,1134.0,30.0,888.0,1053.0,1022.0,1003.0,1033.0,1.1199294532627866
13,90,13_90,0.0,0.8898305084745762,0.31664098613251157,46.01926040061633,1298.0,30.0,1134.0,888.0,1053.0,1022.0,1003.0,1.108628659476117
13,91,13_91,1.0,0.9117210682492581,0.29821958456973297,46.061572700296736,1348.0,30.0,1298.0,1134.0,888.0,1053.0,1022.0,1.193620178041543
13,92,13_92,1.0,0.7099652949925632,0.3728309370352008,42.594447198810116,2017.0,30.0,1348.0,1298.0,1134.0,888.0,1053.0,1.0862667327714428
13,93,13_93,0.0,0.849624060150376,0.3773069036226931,46.55023923444976,1463.0,30.0,2017.0,1348.0,1298.0,1134.0,888.0,1.2323991797676008
13,94,13_94,0.0,0.9504132231404959,0.3253193087903832,48.308790383170546,1331.0,30.0,1463.0,2017.0,1348.0,1298.0,1134.0,1.1502629601803156
13,95,13_95,0.0,0.9050535987748851,0.33767228177641656,45.22052067381317,1306.0,30.0,1331.0,1463.0,2017.0,1348.0,1298.0,1.0949464012251149
13,96,13_96,1.0,0.9192111959287532,0.3288804071246819,44.96437659033079,1572.0,30.0,1306.0,1331.0,1463.0,2017.0,1348.0,1.0756997455470738
13,97,13_97,1.0,0.6566634398192965,0.7366892545982575,33.31590835753469,3099.0,30.0,1572.0,1306.0,1331.0,1463.0,2017.0,0.7337850919651501
13,98,13_98,1.0,0.8512696493349455,0.6792623941958887,39.35247883917775,3308.0,30.0,3099.0,1572.0,1306.0,1331.0,1463.0,0.8681983071342201
13,99,13_99,1.0,0.9511694706606484,0.6315141567501026,44.52523594583504,2437.0,30.0,3308.0,3099.0,1572.0,1306.0,1331.0,1.0393926959376283
13,100,13_100,1.0,0.9194285714285715,0.5377142857142857,45.658857142857144,1750.0,30.0,2437.0,3308.0,3099.0,1572.0,1306.0,1.1228571428571428
13,101,13_101,0.0,0.8934640522875817,0.45555555555555555,46.330065359477125,1530.0,30.0,1750.0,2437.0,3308.0,3099.0,1572.0,1.1215686274509804
13,102,13_102,0.0,0.9267515923566879,0.3877388535031847,48.40047770700637,1256.0,30.0,1530.0,1750.0,2437.0,3308.0,3099.0,1.1759554140127388
13,103,13_103,0.0,0.8381742738589212,0.3796680497925311,46.1058091286307,1446.0,30.0,1256.0,1530.0,1750.0,2437.0,3308.0,1.0940525587828493
13,104,13_104,1.0,0.4616906983319197,0.4529262086513995,32.016115351993214,3537.0,30.0,1446.0,1256.0,1530.0,1750.0,2437.0,0.6649703138252756
13,105,13_105,1.0,0.7338227297444263,0.4842305600870038,40.47226753670473,3678.0,30.0,3537.0,1446.0,1256.0,1530.0,1750.0,0.9121805328983144
13,106,13_106,1.0,0.6425279789335089,0.5131665569453588,36.693548387096776,3038.0,30.0,3678.0,3537.0,1446.0,1256.0,1530.0,0.8225806451612904
13,107,13_107,1.0,0.7896265560165975,0.7692946058091287,37.22199170124481,2410.0,30.0,3038.0,3678.0,3537.0,1446.0,1256.0,0.8784232365145228
13,108,13_108,1.0,0.9131266743207042,0.6322234978951397,43.93302717183314,2613.0,30.0,2410.0,3038.0,3678.0,3537.0,1446.0,1.0642939150401838
13,109,13_109,1.0,0.8757662443808746,0.5104209235798938,45.92317123007765,2447.0,30.0,2613.0,2410.0,3038.0,3678.0,3537.0,1.1107478545157337
13,110,13_110,1.0,0.9389594428512904,0.4551413355182302,47.04260548955346,2441.0,30.0,2447.0,2613.0,2410.0,3038.0,3678.0,1.1294551413355183
13,111,13_111,1.0,0.7883461868037703,0.4117395029991431,45.2159383033419,2334.0,30.0,2441.0,2447.0,2613.0,2410.0,3038.0,1.033847472150814
13,112,13_112,1.0,0.8133521391631405,0.41701927597555244,46.174424071462155,2127.0,30.0,2334.0,2441.0,2447.0,2613.0,2410.0,1.0404325340855665
13,113,13_113,1.0,0.871319520174482,0.3974918211559433,46.49945474372955,1834.0,30.0,2127.0,2334.0,2441.0,2447.0,2613.0,1.034896401308615
13,114,13_114,0.0,0.8002232142857143,0.36160714285714285,47.679129464285715,1792.0,30.0,1834.0,2127.0,2334.0,2441.0,2447.0,1.0340401785714286
13,115,13_115,0.0,0.8504347826086956,0.3681159420289855,48.43710144927536,1725.0,30.0,1792.0,1834.0,2127.0,2334.0,2441.0,1.1194202898550725
13,116,13_116,0.0,0.820659062103929,0.35868187579214195,46.830798479087456,1578.0,30.0,1725.0,1792.0,1834.0,2127.0,2334.0,1.102661596958175
13,117,13_117,0.0,0.7619047619047619,0.37742504409171074,46.689594356261026,1701.0,30.0,1578.0,1725.0,1792.0,1834.0,2127.0,1.0011757789535567
13,118,13_118,1.0,0.7413127413127413,0.40706012134583563,42.726971869829015,1813.0,30.0,1701.0,1578.0,1725.0,1792.0,1834.0,0.9718698290126861
13,119,13_119,1.0,0.6417609046849758,0.5210016155088854,34.95315024232633,2476.0,30.0,1813.0,1701.0,1578.0,1725.0,1792.0,0.8630856219709209
13,120,13_120,1.0,0.7836391437308868,0.4877675840978593,42.28363914373089,2616.0,30.0,2476.0,1813.0,1701.0,1578.0,1725.0,1.0194954128440368
13,121,13_121,1.0,0.8401063425750095,0.4234713254842385,46.72236992024307,2633.0,30.0,2616.0,2476.0,1813.0,1701.0,1578.0,1.1093809342954803
13,122,13_122,1.0,0.8771856786011657,0.4196502914238135,47.48459616985845,2402.0,30.0,2633.0,2616.0,2476.0,1813.0,1701.0,1.0878434637801833
13,123,13_123,0.0,0.8174129353233831,0.491044776119403,42.949751243781094,2010.0,30.0,2402.0,2633.0,2616.0,2476.0,1813.0,0.9825870646766169
13,124,13_124,1.0,0.8981698732989207,0.4523697794462694,48.864852182074145,2131.0,30.0,2010.0,2402.0,2633.0,2616.0,2476.0,1.1182543406851244
13,125,13_125,1.0,0.9136626613262128,0.48464619492656874,50.32131731197152,2247.0,30.0,2131.0,2010.0,2402.0,2633.0,2616.0,1.0832220738762794
13,126,13_126,1.0,0.8902439024390244,0.4803001876172608,52.0,2132.0,30.0,2247.0,2131.0,2010.0,2402.0,2633.0,1.1191369606003752
13,127,13_127,1.0,0.8752865657955067,0.4713434204493352,52.54791380100871,2181.0,30.0,2132.0,2247.0,2131.0,2010.0,2402.0,1.1632278771205868
13,128,13_128,1.0,0.8407460545193687,0.4179818268770923,52.82879005260641,2091.0,30.0,2181.0,2132.0,2247.0,2131.0,2010.0,1.131037780966045
13,129,13_129,0.0,0.8040540540540541,0.41216216216216217,52.30821205821206,1924.0,30.0,2091.0,2181.0,2132.0,2247.0,2131.0,1.1257796257796258
14,0,14_0,0.0,1.2710843373493976,0.3855421686746988,53.33132530120482,166.0,30.0,0.0,0.0,0.0,0.0,0.0,1.180722891566265
14,1,14_1,1.0,1.0424242424242425,0.3333333333333333,46.72727272727273,165.0,30.0,166.0,0.0,0.0,0.0,0.0,1.1393939393939394
14,2,14_2,1.0,0.9099099099099099,0.38738738738738737,45.369369369369366,222.0,30.0,165.0,166.0,0.0,0.0,0.0,1.009009009009009
14,3,14_3,1.0,0.8783783783783784,0.4560810810810811,42.49324324324324,296.0,30.0,222.0,165.0,166.0,0.0,0.0,0.9797297297297297
14,4,14_4,1.0,1.1121495327102804,0.4602803738317757,47.20794392523364,428.0,30.0,296.0,222.0,165.0,166.0,0.0,1.0700934579439252
14,5,14_5,1.0,1.4336283185840708,0.35988200589970504,47.97050147492625,339.0,30.0,428.0,296.0,222.0,165.0,166.0,1.2094395280235988
14,6,14_6,1.0,1.1401617250673854,0.3746630727762803,46.97843665768194,371.0,30.0,339.0,428.0,296.0,222.0,165.0,1.1832884097035041
14,7,14_7,1.0,0.9152542372881356,0.3898305084745763,46.39709443099274,413.0,30.0,371.0,339.0,428.0,296.0,222.0,1.0532687651331718
14,8,14_8,1.0,1.0758426966292134,0.5196629213483146,47.140449438202246,356.0,30.0,413.0,371.0,339.0,428.0,296.0,1.148876404494382
14,9,14_9,1.0,1.1578947368421053,0.45,45.71578947368421,380.0,30.0,356.0,413.0,371.0,339.0,428.0,1.055263157894737
14,10,14_10,1.0,1.3829787234042554,0.4119922630560928,48.52998065764023,517.0,30.0,380.0,356.0,413.0,371.0,339.0,1.2475822050290135
14,11,14_11,1.0,1.6542669584245075,0.43982494529540483,49.29540481400438,457.0,30.0,517.0,380.0,356.0,413.0,371.0,1.140043763676149
14,12,14_12,1.0,1.173913043478261,0.41471571906354515,47.77591973244147,299.0,30.0,457.0,517.0,380.0,356.0,413.0,1.2040133779264215
14,13,14_13,1.0,1.159468438538206,0.4053156146179402,48.053156146179404,301.0,30.0,299.0,457.0,517.0,380.0,356.0,1.2192691029900333
14,14,14_14,1.0,1.0433212996389891,0.37545126353790614,48.81588447653429,277.0,30.0,301.0,299.0,457.0,517.0,380.0,1.0722021660649819
14,15,14_15,1.0,1.1732851985559567,0.48375451263537905,47.505415162454874,277.0,30.0,277.0,301.0,299.0,457.0,517.0,1.2454873646209386
14,16,14_16,1.0,1.1145038167938932,0.3893129770992366,49.82824427480916,262.0,30.0,277.0,277.0,301.0,299.0,457.0,1.202290076335878
14,17,14_17,0.0,0.9433198380566802,0.4574898785425101,47.23886639676113,247.0,30.0,262.0,277.0,277.0,301.0,299.0,1.2186234817813766
14,18,14_18,1.0,1.1904761904761905,0.329004329004329,53.42857142857143,231.0,30.0,247.0,262.0,277.0,277.0,301.0,1.2857142857142858
14,19,14_19,1.0,1.209486166007905,0.2964426877470356,53.03557312252964,253.0,30.0,231.0,247.0,262.0,277.0,277.0,1.359683794466403
14,20,14_20,0.0,1.2370689655172413,0.30603448275862066,49.706896551724135,232.0,30.0,253.0,231.0,247.0,262.0,277.0,1.2370689655172413
14,21,14_21,1.0,1.125,0.31,51.035,200.0,30.0,232.0,253.0,231.0,247.0,262.0,1.215
14,22,14_22,0.0,1.138728323699422,0.18497109826589594,51.39306358381503,173.0,30.0,200.0,232.0,253.0,231.0,247.0,1.1907514450867052
14,23,14_23,0.0,0.7951807228915663,0.39156626506024095,52.09036144578313,166.0,30.0,173.0,200.0,232.0,253.0,231.0,1.2891566265060241
14,24,14_24,1.0,1.0691244239631337,0.3087557603686636,48.0,217.0,30.0,166.0,173.0,200.0,232.0,253.0,1.0460829493087558
14,25,14_25,0.0,1.126984126984127,0.42857142857142855,49.698412698412696,189.0,30.0,217.0,166.0,173.0,200.0,232.0,0.9947089947089947
14,26,14_26,1.0,1.1226053639846743,0.2835249042145594,46.13409961685824,261.0,30.0,189.0,217.0,166.0,173.0,200.0,1.0574712643678161
14,27,14_27,0.0,1.1919642857142858,0.20982142857142858,51.42857142857143,224.0,30.0,261.0,189.0,217.0,166.0,173.0,1.2008928571428572
14,28,14_28,0.0,1.0,0.39690721649484534,47.69072164948454,194.0,30.0,224.0,261.0,189.0,217.0,166.0,1.097938144329897
14,29,14_29,0.0,0.9529411764705882,0.29411764705882354,50.17058823529412,170.0,30.0,194.0,224.0,261.0,189.0,217.0,1.1058823529411765
14,30,14_30,0.0,0.765625,0.265625,48.692708333333336,192.0,30.0,170.0,194.0,224.0,261.0,189.0,1.1927083333333333
14,31,14_31,0.0,1.3055555555555556,0.25555555555555554,51.59444444444444,180.0,30.0,192.0,170.0,194.0,224.0,261.0,1.2777777777777777
14,32,14_32,0.0,1.0166666666666666,0.35,52.977777777777774,180.0,30.0,180.0,192.0,170.0,194.0,224.0,1.261111111111111
14,33,14_33,0.0,0.9180327868852459,0.3442622950819672,50.830601092896174,183.0,30.0,180.0,180.0,192.0,170.0,194.0,1.169398907103825
14,34,14_34,1.0,0.9442508710801394,0.397212543554007,39.57491289198606,287.0,30.0,183.0,180.0,180.0,192.0,170.0,0.8048780487804879
14,35,14_35,1.0,1.032119914346895,0.41755888650963596,38.20128479657387,467.0,30.0,287.0,183.0,180.0,180.0,192.0,0.6852248394004282
14,36,14_36,1.0,1.1222222222222222,0.28888888888888886,50.44074074074074,270.0,30.0,467.0,287.0,183.0,180.0,180.0,1.2
14,37,14_37,0.0,1.1990521327014219,0.26540284360189575,52.39336492890995,211.0,30.0,270.0,467.0,287.0,183.0,180.0,1.2843601895734598
14,38,14_38,1.0,0.8926829268292683,0.22926829268292684,48.609756097560975,205.0,30.0,211.0,270.0,467.0,287.0,183.0,1.0097560975609756
14,39,14_39,1.0,0.8620689655172413,0.23645320197044334,47.93103448275862,203.0,30.0,205.0,211.0,270.0,467.0,287.0,1.2857142857142858
14,40,14_40,1.0,0.9162162162162162,0.35135135135135137,43.35405405405405,370.0,30.0,203.0,205.0,211.0,270.0,467.0,0.8189189189189189
14,41,14_41,1.0,1.0218579234972678,0.30601092896174864,45.04371584699454,366.0,30.0,370.0,203.0,205.0,211.0,270.0,1.0
14,42,14_42,0.0,1.0,0.3532110091743119,47.42201834862385,218.0,30.0,366.0,370.0,203.0,205.0,211.0,1.110091743119266
14,43,14_43,0.0,0.7981220657276995,0.20187793427230047,48.417840375586856,213.0,30.0,218.0,366.0,370.0,203.0,205.0,1.0938967136150235
14,44,14_44,0.0,0.9442508710801394,0.20209059233449478,48.40766550522648,287.0,30.0,213.0,218.0,366.0,370.0,203.0,1.0975609756097562
14,45,14_45,1.0,1.0360360360360361,0.2702702702702703,49.18018018018018,222.0,30.0,287.0,213.0,218.0,366.0,370.0,1.0945945945945945
14,46,14_46,1.0,0.8898678414096917,0.2422907488986784,47.647577092511014,227.0,30.0,222.0,287.0,213.0,218.0,366.0,1.2158590308370043
14,47,14_47,1.0,0.9619565217391305,0.16847826086956522,50.22282608695652,184.0,30.0,227.0,222.0,287.0,213.0,218.0,1.0434782608695652
14,48,14_48,1.0,0.7898832684824902,0.38910505836575876,46.688715953307394,257.0,30.0,184.0,227.0,222.0,287.0,213.0,1.0700389105058365
14,49,14_49,1.0,0.7218045112781954,0.2669172932330827,49.43984962406015,266.0,30.0,257.0,184.0,227.0,222.0,287.0,1.0451127819548873
14,50,14_50,0.0,1.0257731958762886,0.37628865979381443,49.93298969072165,194.0,30.0,266.0,257.0,184.0,227.0,222.0,1.2216494845360826
14,51,14_51,1.0,0.6912442396313364,0.3087557603686636,49.45622119815668,217.0,30.0,194.0,266.0,257.0,184.0,227.0,1.1843317972350231
14,52,14_52,0.0,0.8807339449541285,0.5688073394495413,51.92660550458716,218.0,30.0,217.0,194.0,266.0,257.0,184.0,1.31651376146789
14,53,14_53,0.0,0.893048128342246,0.25133689839572193,51.155080213903744,187.0,30.0,218.0,217.0,194.0,266.0,257.0,1.213903743315508
14,54,14_54,1.0,0.720558882235529,0.5808383233532934,35.840319361277444,501.0,30.0,187.0,218.0,217.0,194.0,266.0,0.5848303393213573
14,55,14_55,1.0,0.8415032679738562,0.4803921568627451,38.25816993464052,1224.0,30.0,501.0,187.0,218.0,217.0,194.0,0.6151960784313726
14,56,14_56,1.0,1.0378619153674833,0.41870824053452116,46.498886414253896,898.0,30.0,1224.0,501.0,187.0,218.0,217.0,0.8741648106904232
14,57,14_57,1.0,1.230421686746988,0.3253012048192771,49.45933734939759,664.0,30.0,898.0,1224.0,501.0,187.0,218.0,1.088855421686747
14,58,14_58,1.0,1.197594501718213,0.29553264604810997,50.8041237113402,582.0,30.0,664.0,898.0,1224.0,501.0,187.0,1.1769759450171822
14,59,14_59,1.0,1.1135902636916837,0.3204868154158215,54.1683569979716,493.0,30.0,582.0,664.0,898.0,1224.0,501.0,1.3245436105476673
14,60,14_60,1.0,1.0923913043478262,0.28804347826086957,56.16032608695652,368.0,30.0,493.0,582.0,664.0,898.0,1224.0,1.375
14,61,14_61,1.0,1.1263157894736842,0.26666666666666666,55.6140350877193,285.0,30.0,368.0,493.0,582.0,664.0,898.0,1.2350877192982457
14,62,14_62,1.0,1.1093117408906883,0.3117408906882591,55.23886639676113,247.0,30.0,285.0,368.0,493.0,582.0,664.0,1.2105263157894737
14,63,14_63,1.0,1.2538461538461538,0.29615384615384616,56.15769230769231,260.0,30.0,247.0,285.0,368.0,493.0,582.0,1.1384615384615384
14,64,14_64,1.0,0.975,0.19285714285714287,56.78928571428571,280.0,30.0,260.0,247.0,285.0,368.0,493.0,1.4821428571428572
14,65,14_65,1.0,0.928,0.22,56.056,250.0,30.0,280.0,260.0,247.0,285.0,368.0,1.092
14,66,14_66,1.0,0.8687258687258688,0.3127413127413127,55.44015444015444,259.0,30.0,250.0,280.0,260.0,247.0,285.0,1.0617760617760619
14,67,14_67,1.0,0.9352941176470588,0.2529411764705882,56.33529411764706,170.0,30.0,259.0,250.0,280.0,260.0,247.0,1.1647058823529413
14,68,14_68,1.0,0.9640718562874252,0.2874251497005988,55.8562874251497,167.0,30.0,170.0,259.0,250.0,280.0,260.0,1.1916167664670658
14,69,14_69,0.0,0.8353658536585366,0.2926829268292683,52.542682926829265,164.0,30.0,167.0,170.0,259.0,250.0,280.0,1.298780487804878
14,70,14_70,1.0,1.082191780821918,0.4794520547945205,53.91095890410959,146.0,30.0,164.0,167.0,170.0,259.0,250.0,1.0205479452054795
14,71,14_71,0.0,2.0,0.34394904458598724,60.15923566878981,157.0,30.0,146.0,164.0,167.0,170.0,259.0,1.1910828025477707
14,72,14_72,0.0,1.0121951219512195,0.25,52.19512195121951,164.0,30.0,157.0,146.0,164.0,167.0,170.0,1.3170731707317074
14,73,14_73,1.0,1.372093023255814,0.33488372093023255,49.223255813953486,215.0,30.0,164.0,157.0,146.0,164.0,167.0,1.255813953488372
14,74,14_74,1.0,1.3121951219512196,0.25853658536585367,57.136585365853655,205.0,30.0,215.0,164.0,157.0,146.0,164.0,1.2585365853658537
14,75,14_75,0.0,1.2857142857142858,0.17857142857142858,55.06428571428572,140.0,30.0,205.0,215.0,164.0,157.0,146.0,1.2642857142857142
14,76,14_76,0.0,1.2147651006711409,0.2483221476510067,55.288590604026844,149.0,30.0,140.0,205.0,215.0,164.0,157.0,1.2348993288590604
14,77,14_77,0.0,1.2146596858638743,0.13089005235602094,49.84816753926702,191.0,30.0,149.0,140.0,205.0,215.0,164.0,1.1413612565445026
14,78,14_78,1.0,1.0144927536231885,0.2318840579710145,50.58454106280193,207.0,30.0,191.0,149.0,140.0,205.0,215.0,1.2173913043478262
14,79,14_79,0.0,1.2933333333333332,0.18666666666666668,52.98222222222222,225.0,30.0,207.0,191.0,149.0,140.0,205.0,1.12
14,80,14_80,0.0,1.072,0.172,51.068,250.0,30.0,225.0,207.0,191.0,149.0,140.0,1.224
14,81,14_81,0.0,1.0758928571428572,0.32589285714285715,51.830357142857146,224.0,30.0,250.0,225.0,207.0,191.0,149.0,1.3928571428571428
14,82,14_82,0.0,1.0833333333333333,0.37318840579710144,56.518115942028984,276.0,30.0,224.0,250.0,225.0,207.0,191.0,1.1920289855072463
14,83,14_83,0.0,0.9026548672566371,0.2831858407079646,49.56194690265487,226.0,30.0,276.0,224.0,250.0,225.0,207.0,0.9646017699115044
14,84,14_84,0.0,0.7836538461538461,0.22596153846153846,50.25480769230769,208.0,30.0,226.0,276.0,224.0,250.0,225.0,1.0480769230769231
14,85,14_85,1.0,1.0054945054945055,0.2967032967032967,52.214285714285715,182.0,30.0,208.0,226.0,276.0,224.0,250.0,1.2307692307692308
14,86,14_86,0.0,0.8379888268156425,0.3407821229050279,48.3463687150838,179.0,30.0,182.0,208.0,226.0,276.0,224.0,1.0726256983240223
14,87,14_87,1.0,0.8939929328621908,0.31448763250883394,47.92579505300353,283.0,30.0,179.0,182.0,208.0,226.0,276.0,1.0636042402826855
14,88,14_88,1.0,0.9875776397515528,0.30745341614906835,49.50931677018634,322.0,30.0,283.0,179.0,182.0,208.0,226.0,1.263975155279503
14,89,14_89,1.0,0.9242424242424242,0.48484848484848486,50.83030303030303,330.0,30.0,322.0,283.0,179.0,182.0,208.0,1.121212121212121
14,90,14_90,1.0,0.9318181818181818,0.38636363636363635,51.34415584415584,308.0,30.0,330.0,322.0,283.0,179.0,182.0,1.3084415584415585
14,91,14_91,1.0,0.8461538461538461,0.19230769230769232,55.01282051282051,234.0,30.0,308.0,330.0,322.0,283.0,179.0,1.2393162393162394
14,92,14_92,1.0,0.7888446215139442,0.32270916334661354,47.48605577689243,251.0,30.0,234.0,308.0,330.0,322.0,283.0,1.2908366533864541
14,93,14_93,1.0,0.8875502008032129,0.2891566265060241,47.30522088353413,249.0,30.0,251.0,234.0,308.0,330.0,322.0,1.1244979919678715
14,94,14_94,0.0,0.9626556016597511,0.35269709543568467,49.04979253112033,241.0,30.0,249.0,251.0,234.0,308.0,330.0,1.112033195020747
14,95,14_95,0.0,1.0297029702970297,0.17326732673267325,46.82673267326733,202.0,30.0,241.0,249.0,251.0,234.0,308.0,1.188118811881188
14,96,14_96,0.0,0.8448275862068966,0.2801724137931034,48.05603448275862,232.0,30.0,202.0,241.0,249.0,251.0,234.0,1.1939655172413792
14,97,14_97,1.0,0.6311111111111111,0.24888888888888888,47.333333333333336,225.0,30.0,232.0,202.0,241.0,249.0,251.0,1.0755555555555556
14,98,14_98,0.0,0.7004048582995951,0.2793522267206478,49.20647773279352,247.0,30.0,225.0,232.0,202.0,241.0,249.0,1.3441295546558705
14,99,14_99,0.0,0.7206477732793523,0.20242914979757085,50.659919028340084,247.0,30.0,247.0,225.0,232.0,202.0,241.0,1.1781376518218623
14,100,14_100,0.0,0.8607594936708861,0.2616033755274262,49.037974683544306,237.0,30.0,247.0,247.0,225.0,232.0,202.0,1.2742616033755274
14,101,14_101,1.0,0.7777777777777778,0.21794871794871795,51.46153846153846,234.0,30.0,237.0,247.0,247.0,225.0,232.0,1.047008547008547
14,102,14_102,1.0,0.7,0.18666666666666668,54.42666666666667,300.0,30.0,234.0,237.0,247.0,247.0,225.0,1.13
14,103,14_103,0.0,0.89,0.16,51.42,200.0,30.0,300.0,234.0,237.0,247.0,247.0,1.07
14,104,14_104,0.0,0.7486910994764397,0.2879581151832461,49.29319371727749,191.0,30.0,200.0,300.0,234.0,237.0,247.0,1.1832460732984293
14,105,14_105,1.0,0.5800711743772242,0.7608540925266903,33.525978647686834,1405.0,30.0,191.0,200.0,300.0,234.0,237.0,0.8683274021352313
14,106,14_106,1.0,0.8137822198842715,0.731194108364019,41.08890057864282,1901.0,30.0,1405.0,191.0,200.0,300.0,234.0,1.0268279852709101
14,107,14_107,1.0,0.9496021220159151,0.5862068965517241,44.9867374005305,1131.0,30.0,1901.0,1405.0,191.0,200.0,300.0,1.121131741821397
14,108,14_108,1.0,0.9456521739130435,0.422554347826087,47.858695652173914,736.0,30.0,1131.0,1901.0,1405.0,191.0,200.0,1.1929347826086956
14,109,14_109,1.0,1.006896551724138,0.5706896551724138,49.28448275862069,580.0,30.0,736.0,1131.0,1901.0,1405.0,191.0,1.2
14,110,14_110,1.0,0.9287211740041929,0.3270440251572327,49.459119496855344,477.0,30.0,580.0,736.0,1131.0,1901.0,1405.0,1.2348008385744236
14,111,14_111,1.0,1.0201793721973094,0.30269058295964124,50.37668161434978,446.0,30.0,477.0,580.0,736.0,1131.0,1901.0,1.1076233183856503
14,112,14_112,0.0,1.0494186046511629,0.3808139534883721,51.002906976744185,344.0,30.0,446.0,477.0,580.0,736.0,1131.0,1.0930232558139534
14,113,14_113,1.0,0.6430868167202572,0.24758842443729903,51.97427652733119,311.0,30.0,344.0,446.0,477.0,580.0,736.0,1.2540192926045015
14,114,14_114,1.0,0.8734177215189873,0.28164556962025317,51.88291139240506,316.0,30.0,311.0,344.0,446.0,477.0,580.0,1.2753164556962024
14,115,14_115,1.0,0.8248730964467005,0.39847715736040606,47.398477157360404,394.0,30.0,316.0,311.0,344.0,446.0,477.0,1.0406091370558375
14,116,14_116,1.0,0.7730263157894737,0.2138157894736842,50.83552631578947,304.0,30.0,394.0,316.0,311.0,344.0,446.0,1.0953947368421053
14,117,14_117,1.0,0.9198606271777003,0.30313588850174217,48.19512195121951,287.0,30.0,304.0,394.0,316.0,311.0,344.0,0.9860627177700348
14,118,14_118,1.0,0.9737827715355806,0.3258426966292135,48.62921348314607,267.0,30.0,287.0,304.0,394.0,316.0,311.0,1.0337078651685394
14,119,14_119,1.0,0.6627906976744186,0.375968992248062,48.554263565891475,258.0,30.0,267.0,287.0,304.0,394.0,316.0,0.9689922480620154
14,120,14_120,1.0,1.1020408163265305,0.272108843537415,51.01700680272109,294.0,30.0,258.0,267.0,287.0,304.0,394.0,1.0918367346938775
14,121,14_121,1.0,1.1536523929471032,0.25440806045340053,46.702770780856426,397.0,30.0,294.0,258.0,267.0,287.0,304.0,0.9521410579345088
14,122,14_122,1.0,1.3637350705754614,0.3300760043431053,47.957654723127035,921.0,30.0,397.0,294.0,258.0,267.0,287.0,0.991313789359392
14,123,14_123,1.0,1.374659400544959,0.49727520435967304,43.59809264305177,1468.0,30.0,921.0,397.0,294.0,258.0,267.0,0.8773841961852861
14,124,14_124,1.0,1.4544037412314887,0.4473889321901793,49.513639906469216,1283.0,30.0,1468.0,921.0,397.0,294.0,258.0,1.010132501948558
14,125,14_125,1.0,1.7643129770992367,0.46469465648854963,50.35209923664122,1048.0,30.0,1283.0,1468.0,921.0,397.0,294.0,1.0591603053435115
14,126,14_126,1.0,1.8890147225368064,0.45300113250283125,53.82446206115515,883.0,30.0,1048.0,1283.0,1468.0,921.0,397.0,1.0475651189127972
14,127,14_127,1.0,2.108991825613079,0.44686648501362397,53.99591280653951,734.0,30.0,883.0,1048.0,1283.0,1468.0,921.0,1.0912806539509536
14,128,14_128,1.0,2.162686567164179,0.42835820895522386,55.6,670.0,30.0,734.0,883.0,1048.0,1283.0,1468.0,1.035820895522388
14,129,14_129,1.0,2.364120781527531,0.35701598579040855,57.824156305506214,563.0,30.0,670.0,734.0,883.0,1048.0,1283.0,1.1119005328596803
17,0,17_0,0.0,1.203931203931204,0.35135135135135137,55.57985257985258,407.0,20.0,0.0,0.0,0.0,0.0,0.0,1.5626535626535627
17,1,17_1,0.0,1.1009852216748768,0.4408866995073892,49.532019704433495,406.0,20.0,407.0,0.0,0.0,0.0,0.0,1.3694581280788178
17,2,17_2,0.0,0.9692307692307692,0.46813186813186813,47.331868131868134,455.0,20.0,406.0,407.0,0.0,0.0,0.0,1.2945054945054946
17,3,17_3,0.0,1.0057471264367817,0.4118773946360153,45.4367816091954,522.0,20.0,455.0,406.0,407.0,0.0,0.0,1.2049808429118773
17,4,17_4,0.0,0.934931506849315,0.4589041095890411,46.78082191780822,584.0,20.0,522.0,455.0,406.0,407.0,0.0,1.2756849315068493
17,5,17_5,1.0,1.1758034026465027,0.48015122873345933,48.916824196597354,529.0,20.0,584.0,522.0,455.0,406.0,407.0,1.274102079395085
17,6,17_6,1.0,1.0182119205298013,0.4337748344370861,45.93377483443709,604.0,20.0,529.0,584.0,522.0,455.0,406.0,1.2466887417218544
17,7,17_7,1.0,1.068676716917923,0.48576214405360135,46.19095477386934,597.0,20.0,604.0,529.0,584.0,522.0,455.0,1.2093802345058626
17,8,17_8,1.0,0.8615591397849462,0.4543010752688172,47.721774193548384,744.0,20.0,597.0,604.0,529.0,584.0,522.0,1.3696236559139785
17,9,17_9,0.0,1.1169014084507043,0.35070422535211265,47.81408450704225,710.0,20.0,744.0,597.0,604.0,529.0,584.0,1.3577464788732394
17,10,17_10,1.0,1.3621262458471761,0.5116279069767442,47.90143964562569,903.0,20.0,710.0,744.0,597.0,604.0,529.0,1.1738648947951273
17,11,17_11,1.0,1.2476319350473613,0.40054127198917455,46.32205683355886,739.0,20.0,903.0,710.0,744.0,597.0,604.0,1.23680649526387
17,12,17_12,0.0,1.095890410958904,0.4094368340943683,46.821917808219176,657.0,20.0,739.0,903.0,710.0,744.0,597.0,1.3378995433789955
17,13,17_13,0.0,0.903125,0.2859375,46.9671875,640.0,20.0,657.0,739.0,903.0,710.0,744.0,1.5421875
17,14,17_14,0.0,0.8548094373865699,0.3157894736842105,45.82214156079855,551.0,20.0,640.0,657.0,739.0,903.0,710.0,1.2323049001814883
17,15,17_15,1.0,1.0856164383561644,0.5051369863013698,44.830479452054796,584.0,20.0,551.0,640.0,657.0,739.0,903.0,1.1078767123287672
17,16,17_16,0.0,0.9940029985007496,0.46476761619190404,43.908545727136435,667.0,20.0,584.0,551.0,640.0,657.0,739.0,1.1079460269865067
17,17,17_17,0.0,0.9135135135135135,0.2918918918918919,45.818018018018016,555.0,20.0,667.0,584.0,551.0,640.0,657.0,1.3063063063063063
17,18,17_18,0.0,0.951048951048951,0.38461538461538464,46.68706293706294,572.0,20.0,555.0,667.0,584.0,551.0,640.0,1.2604895104895104
17,19,17_19,0.0,0.9309664694280079,0.34516765285996054,49.95463510848126,507.0,20.0,572.0,555.0,667.0,584.0,551.0,1.2741617357001973
17,20,17_20,0.0,0.9122137404580153,0.26145038167938933,47.083969465648856,524.0,20.0,507.0,572.0,555.0,667.0,584.0,1.2690839694656488
17,21,17_21,0.0,0.8608870967741935,0.3326612903225806,46.69959677419355,496.0,20.0,524.0,507.0,572.0,555.0,667.0,1.2338709677419355
17,22,17_22,0.0,0.9360824742268041,0.334020618556701,46.50721649484536,485.0,20.0,496.0,524.0,507.0,572.0,555.0,1.2639175257731958
17,23,17_23,0.0,0.9471458773784355,0.28964059196617337,49.97040169133192,473.0,20.0,485.0,496.0,524.0,507.0,572.0,1.3742071881606766
17,24,17_24,0.0,0.8275109170305677,0.33624454148471616,50.94759825327511,458.0,20.0,473.0,485.0,496.0,524.0,507.0,1.3995633187772927
17,25,17_25,0.0,0.8869778869778869,0.3095823095823096,47.33906633906634,407.0,20.0,458.0,473.0,485.0,496.0,524.0,1.3046683046683047
17,26,17_26,0.0,0.8861985472154964,0.2784503631961259,47.91041162227603,413.0,20.0,407.0,458.0,473.0,485.0,496.0,1.2276029055690072
17,27,17_27,0.0,0.8969072164948454,0.3634020618556701,47.29639175257732,388.0,20.0,413.0,407.0,458.0,473.0,485.0,1.1649484536082475
17,28,17_28,0.0,0.9287128712871288,0.4495049504950495,43.59405940594059,505.0,20.0,388.0,413.0,407.0,458.0,473.0,1.1346534653465346
17,29,17_29,1.0,0.8998646820027063,0.5656292286874154,42.17726657645467,739.0,20.0,505.0,388.0,413.0,407.0,458.0,1.03382949932341
17,30,17_30,0.0,0.8792899408284024,0.34437869822485206,46.00236686390532,845.0,20.0,739.0,505.0,388.0,413.0,407.0,1.2106508875739646
17,31,17_31,1.0,0.7671641791044777,0.2865671641791045,46.91641791044776,670.0,20.0,845.0,739.0,505.0,388.0,413.0,1.2656716417910447
17,32,17_32,0.0,0.7576853526220615,0.29475587703435807,46.6871609403255,553.0,20.0,670.0,845.0,739.0,505.0,388.0,1.2386980108499095
17,33,17_33,0.0,0.8212058212058212,0.39293139293139295,46.83991683991684,481.0,20.0,553.0,670.0,845.0,739.0,505.0,1.2307692307692308
17,34,17_34,0.0,0.8747433264887063,0.37782340862423,49.45790554414784,487.0,20.0,481.0,553.0,670.0,845.0,739.0,1.2607802874743326
17,35,17_35,0.0,0.9766355140186916,0.3598130841121495,50.675233644859816,428.0,20.0,487.0,481.0,553.0,670.0,845.0,1.3668224299065421
17,36,17_36,0.0,0.8208333333333333,0.23333333333333334,47.58541666666667,480.0,20.0,428.0,487.0,481.0,553.0,670.0,1.2791666666666666
17,37,17_37,0.0,0.7325102880658436,0.25102880658436216,46.446502057613166,486.0,20.0,480.0,428.0,487.0,481.0,553.0,1.2901234567901234
17,38,17_38,0.0,0.9298245614035088,0.3283208020050125,48.59147869674185,399.0,20.0,486.0,480.0,428.0,487.0,481.0,1.3107769423558897
17,39,17_39,0.0,0.9747899159663865,0.37254901960784315,47.63865546218487,357.0,20.0,399.0,486.0,480.0,428.0,487.0,1.4173669467787116
17,40,17_40,1.0,0.7783964365256125,0.744988864142539,35.84966592427617,898.0,20.0,357.0,399.0,486.0,480.0,428.0,1.1726057906458798
17,41,17_41,1.0,0.6738558653340347,0.6864807995791689,35.41031036296686,1901.0,20.0,898.0,357.0,399.0,486.0,480.0,1.165176223040505
17,42,17_42,1.0,0.8040358744394619,0.5130044843049327,40.57085201793722,2230.0,20.0,1901.0,898.0,357.0,399.0,486.0,1.2829596412556055
17,43,17_43,1.0,0.848730415991356,0.4376012965964344,43.19178822258239,1851.0,20.0,2230.0,1901.0,898.0,357.0,399.0,1.343057806591032
17,44,17_44,1.0,0.763673193787981,0.37069547602970965,43.36529372045915,1481.0,20.0,1851.0,2230.0,1901.0,898.0,357.0,1.2727886563133017
17,45,17_45,1.0,0.7913998170173834,0.4089661482159195,45.160109789569994,1093.0,20.0,1481.0,1851.0,2230.0,1901.0,898.0,1.3577310155535225
17,46,17_46,1.0,0.761266747868453,0.28867235079171744,47.20097442143727,821.0,20.0,1093.0,1481.0,1851.0,2230.0,1901.0,1.3995127892813641
17,47,17_47,1.0,0.6922060766182299,0.332892998678996,45.70409511228534,757.0,20.0,821.0,1093.0,1481.0,1851.0,2230.0,1.3500660501981505
17,48,17_48,0.0,0.845565749235474,0.3470948012232416,47.4954128440367,654.0,20.0,757.0,821.0,1093.0,1481.0,1851.0,1.4143730886850152
17,49,17_49,0.0,0.9362416107382551,0.3036912751677852,48.328859060402685,596.0,20.0,654.0,757.0,821.0,1093.0,1481.0,1.2651006711409396
17,50,17_50,0.0,1.0357142857142858,0.34077380952380953,49.88095238095238,672.0,20.0,596.0,654.0,757.0,821.0,1093.0,1.318452380952381
17,51,17_51,0.0,0.9571917808219178,0.21404109589041095,49.803082191780824,584.0,20.0,672.0,596.0,654.0,757.0,821.0,1.292808219178082
17,52,17_52,0.0,0.864406779661017,0.3008474576271186,48.16525423728814,472.0,20.0,584.0,672.0,596.0,654.0,757.0,1.3516949152542372
17,53,17_53,0.0,0.8246268656716418,0.3656716417910448,47.69402985074627,536.0,20.0,472.0,584.0,672.0,596.0,654.0,1.2313432835820894
17,54,17_54,0.0,0.793939393939394,0.29494949494949496,49.71515151515152,495.0,20.0,536.0,472.0,584.0,672.0,596.0,1.3232323232323233
17,55,17_55,0.0,0.8930581613508443,0.30393996247654786,48.151969981238274,533.0,20.0,495.0,536.0,472.0,584.0,672.0,1.3677298311444652
17,56,17_56,1.0,1.100653594771242,0.19477124183006536,48.88235294117647,765.0,20.0,533.0,495.0,536.0,472.0,584.0,1.4248366013071896
17,57,17_57,1.0,1.2514817950889077,0.26926333615580017,49.38611346316681,1181.0,20.0,765.0,533.0,495.0,536.0,472.0,1.468247248094835
17,58,17_58,1.0,1.2610887096774193,0.28225806451612906,52.34375,992.0,20.0,1181.0,765.0,533.0,495.0,536.0,1.560483870967742
17,59,17_59,1.0,1.2511467889908257,0.25344036697247707,53.147935779816514,872.0,20.0,992.0,1181.0,765.0,533.0,495.0,1.5091743119266054
17,60,17_60,1.0,1.0932642487046633,0.30958549222797926,54.832901554404145,772.0,20.0,872.0,992.0,1181.0,765.0,533.0,1.516839378238342
17,61,17_61,1.0,1.053156146179402,0.3554817275747508,52.96843853820598,602.0,20.0,772.0,872.0,992.0,1181.0,765.0,1.589700996677741
17,62,17_62,1.0,0.8964497041420119,0.33136094674556216,49.27218934911242,676.0,20.0,602.0,772.0,872.0,992.0,1181.0,1.3890532544378698
17,63,17_63,1.0,0.8687315634218289,0.3480825958702065,52.6976401179941,678.0,20.0,676.0,602.0,772.0,872.0,992.0,1.5103244837758112
17,64,17_64,1.0,0.8932874354561101,0.3132530120481928,51.59036144578313,581.0,20.0,678.0,676.0,602.0,772.0,872.0,1.4096385542168675
17,65,17_65,0.0,0.8409542743538767,0.40755467196819084,51.1272365805169,503.0,20.0,581.0,678.0,676.0,602.0,772.0,1.5208747514910537
17,66,17_66,0.0,0.7926829268292683,0.3252032520325203,52.229674796747965,492.0,20.0,503.0,581.0,678.0,676.0,602.0,1.532520325203252
17,67,17_67,0.0,0.7796610169491526,0.41646489104116224,53.30992736077482,413.0,20.0,492.0,503.0,581.0,678.0,676.0,1.5472154963680387
17,68,17_68,0.0,0.9406593406593406,0.3032967032967033,53.40659340659341,455.0,20.0,413.0,492.0,503.0,581.0,678.0,1.402197802197802
17,69,17_69,0.0,0.7704918032786885,0.33489461358313816,54.557377049180324,427.0,20.0,455.0,413.0,492.0,503.0,581.0,1.5784543325526932
17,70,17_70,0.0,0.9302949061662198,0.35924932975871315,52.24128686327078,373.0,20.0,427.0,455.0,413.0,492.0,503.0,1.5013404825737264
17,71,17_71,0.0,0.9173333333333333,0.34933333333333333,50.63466666666667,375.0,20.0,373.0,427.0,455.0,413.0,492.0,1.5413333333333334
17,72,17_72,0.0,1.048951048951049,0.358974358974359,50.4988344988345,429.0,20.0,375.0,373.0,427.0,455.0,413.0,1.4801864801864801
17,73,17_73,1.0,1.260215053763441,0.38064516129032255,50.86236559139785,465.0,20.0,429.0,375.0,373.0,427.0,455.0,1.5548387096774194
17,74,17_74,1.0,1.1065989847715736,0.38071065989847713,51.51269035532995,394.0,20.0,465.0,429.0,375.0,373.0,427.0,1.4949238578680204
17,75,17_75,1.0,1.0138121546961325,0.281767955801105,51.93922651933702,362.0,20.0,394.0,465.0,429.0,375.0,373.0,1.4558011049723756
17,76,17_76,0.0,0.928125,0.26875,51.728125,320.0,20.0,362.0,394.0,465.0,429.0,375.0,1.4125
17,77,17_77,0.0,0.7810457516339869,0.3104575163398693,48.009803921568626,306.0,20.0,320.0,362.0,394.0,465.0,429.0,1.2679738562091503
17,78,17_78,0.0,0.842948717948718,0.33974358974358976,48.458333333333336,312.0,20.0,306.0,320.0,362.0,394.0,465.0,1.2884615384615385
17,79,17_79,0.0,0.9688473520249221,0.2897196261682243,50.80373831775701,321.0,20.0,312.0,306.0,320.0,362.0,394.0,1.35202492211838
17,80,17_80,0.0,1.5831062670299727,0.34332425068119893,52.2425068119891,367.0,20.0,321.0,312.0,306.0,320.0,362.0,1.2043596730245232
17,81,17_81,0.0,0.9195046439628483,0.26625386996904027,48.89473684210526,323.0,20.0,367.0,321.0,312.0,306.0,320.0,1.4396284829721362
17,82,17_82,0.0,0.852760736196319,0.36503067484662577,49.89877300613497,326.0,20.0,323.0,367.0,321.0,312.0,306.0,1.4294478527607362
17,83,17_83,1.0,0.630057803468208,0.5105973025048169,40.1223506743738,1038.0,20.0,326.0,323.0,367.0,321.0,312.0,1.2138728323699421
17,84,17_84,1.0,0.5806241872561768,0.43823146944083224,40.23927178153446,1538.0,20.0,1038.0,326.0,323.0,367.0,321.0,1.2022106631989598
17,85,17_85,1.0,0.5930011411182959,0.40585774058577406,38.71205781666033,2629.0,20.0,1538.0,1038.0,326.0,323.0,367.0,1.0547736782046406
17,86,17_86,1.0,0.659296846683581,0.3519391083725988,43.57049655672345,2759.0,20.0,2629.0,1538.0,1038.0,326.0,323.0,1.2272562522653134
17,87,17_87,1.0,0.6015971606033718,0.32786157941437444,44.284826974267965,2254.0,20.0,2759.0,2629.0,1538.0,1038.0,326.0,1.2732919254658386
17,88,17_88,1.0,0.6435483870967742,0.28817204301075267,45.41182795698925,1860.0,20.0,2254.0,2759.0,2629.0,1538.0,1038.0,1.3096774193548386
17,89,17_89,1.0,0.6425970873786407,0.28519417475728154,45.47269417475728,1648.0,20.0,1860.0,2254.0,2759.0,2629.0,1538.0,1.2730582524271845
17,90,17_90,0.0,0.5625498007968127,0.2621513944223108,46.535458167330674,1255.0,20.0,1648.0,1860.0,2254.0,2759.0,2629.0,1.3083665338645418
17,91,17_91,1.0,0.501906941266209,0.28909229595728453,45.179252479023646,1311.0,20.0,1255.0,1648.0,1860.0,2254.0,2759.0,1.366132723112128
17,92,17_92,0.0,0.569216757741348,0.302367941712204,48.35883424408014,1098.0,20.0,1311.0,1255.0,1648.0,1860.0,2254.0,1.4672131147540983
17,93,17_93,0.0,0.5247079964061097,0.27044025157232704,46.05480682839173,1113.0,20.0,1098.0,1311.0,1255.0,1648.0,1860.0,1.4501347708894878
17,94,17_94,0.0,0.5783132530120482,0.24354561101549052,46.23321858864028,1162.0,20.0,1113.0,1098.0,1311.0,1255.0,1648.0,1.3777969018932874
17,95,17_95,0.0,0.5965270684371808,0.296220633299285,47.9632277834525,979.0,20.0,1162.0,1113.0,1098.0,1311.0,1255.0,1.365679264555669
17,96,17_96,0.0,0.49896907216494846,0.23711340206185566,46.89278350515464,970.0,20.0,979.0,1162.0,1113.0,1098.0,1311.0,1.3979381443298968
17,97,17_97,0.0,0.5986261040235525,0.33169774288518156,47.20215897939156,1019.0,20.0,970.0,979.0,1162.0,1113.0,1098.0,1.3719332679097154
17,98,17_98,0.0,0.6391304347826087,0.27717391304347827,47.220652173913045,920.0,20.0,1019.0,970.0,979.0,1162.0,1113.0,1.35
17,99,17_99,0.0,0.7017751479289941,0.24142011834319527,48.38934911242603,845.0,20.0,920.0,1019.0,970.0,979.0,1162.0,1.340828402366864
17,100,17_100,0.0,0.6531365313653137,0.25953259532595324,48.79581795817958,813.0,20.0,845.0,920.0,1019.0,970.0,979.0,1.3653136531365313
17,101,17_101,1.0,0.5474137931034483,0.26580459770114945,47.73994252873563,696.0,20.0,813.0,845.0,920.0,1019.0,970.0,1.214080459770115
17,102,17_102,0.0,0.6996336996336996,0.28083028083028083,47.16361416361416,819.0,20.0,696.0,813.0,845.0,920.0,1019.0,1.3162393162393162
17,103,17_103,0.0,0.525,0.28289473684210525,47.26842105263158,760.0,20.0,819.0,696.0,813.0,845.0,920.0,1.3342105263157895
17,104,17_104,0.0,0.6201743462017435,0.2602739726027397,47.87173100871731,803.0,20.0,760.0,819.0,696.0,813.0,845.0,1.3872976338729763
17,105,17_105,0.0,0.5104039167686658,0.26560587515299877,45.922888616891065,817.0,20.0,803.0,760.0,819.0,696.0,813.0,1.3794369645042839
17,106,17_106,1.0,0.5027624309392266,0.2565114443567482,44.99368587213891,1267.0,20.0,817.0,803.0,760.0,819.0,696.0,1.3093922651933703
17,107,17_107,0.0,0.5967238689547582,0.3081123244929797,47.74336973478939,1282.0,20.0,1267.0,817.0,803.0,760.0,819.0,1.3065522620904837
17,108,17_108,1.0,0.6363636363636364,1.1102403343782654,35.45715778474399,1914.0,20.0,1282.0,1267.0,817.0,803.0,760.0,0.8254963427377221
17,109,17_109,1.0,0.726932668329177,0.8657522859517872,39.47547797173733,2406.0,20.0,1914.0,1282.0,1267.0,817.0,803.0,0.9621778886118039
17,110,17_110,1.0,0.811923076923077,0.6496153846153846,44.28269230769231,2600.0,20.0,2406.0,1914.0,1282.0,1267.0,817.0,1.1711538461538462
17,111,17_111,1.0,0.7559548683660677,0.49603008775595486,45.52778938570832,2393.0,20.0,2600.0,2406.0,1914.0,1282.0,1267.0,1.262849979105725
17,112,17_112,1.0,0.7028343666961914,0.4003542958370239,46.276350752878656,2258.0,20.0,2393.0,2600.0,2406.0,1914.0,1282.0,1.3091231178033658
17,113,17_113,0.0,0.6684460260972717,0.37425860023724794,46.79655990510083,1686.0,20.0,2258.0,2393.0,2600.0,2406.0,1914.0,1.2852906287069987
17,114,17_114,0.0,0.6206434316353887,0.30160857908847183,48.57439678284182,1492.0,20.0,1686.0,2258.0,2393.0,2600.0,2406.0,1.2888739946380696
17,115,17_115,0.0,0.636734693877551,0.3217687074829932,47.78231292517007,1470.0,20.0,1492.0,1686.0,2258.0,2393.0,2600.0,1.263265306122449
17,116,17_116,1.0,0.6801587301587302,0.2634920634920635,48.067460317460316,1260.0,20.0,1470.0,1492.0,1686.0,2258.0,2393.0,1.111904761904762
17,117,17_117,0.0,0.6215306980656014,0.25820016820857866,49.32464255677039,1189.0,20.0,1260.0,1470.0,1492.0,1686.0,2258.0,1.1303616484440706
17,118,17_118,1.0,0.63268156424581,0.2674581005586592,45.44972067039106,1432.0,20.0,1189.0,1260.0,1470.0,1492.0,1686.0,1.0991620111731844
17,119,17_119,1.0,0.5418250950570342,0.26679340937896073,44.7084917617237,1578.0,20.0,1432.0,1189.0,1260.0,1470.0,1492.0,1.067807351077313
17,120,17_120,1.0,0.5347058823529411,0.2376470588235294,46.75529411764706,1700.0,20.0,1578.0,1432.0,1189.0,1260.0,1470.0,1.0705882352941176
17,121,17_121,0.0,0.646774193548387,0.29838709677419356,48.94838709677419,1240.0,20.0,1700.0,1578.0,1432.0,1189.0,1260.0,1.1153225806451612
17,122,17_122,1.0,0.8017676767676768,0.4027777777777778,47.97348484848485,1584.0,20.0,1240.0,1700.0,1578.0,1432.0,1189.0,0.9797979797979798
17,123,17_123,1.0,0.9071709233791748,0.47053045186640474,42.958251473477404,2036.0,20.0,1584.0,1240.0,1700.0,1578.0,1432.0,0.8713163064833006
17,124,17_124,1.0,0.8449791763072652,0.48773715872281354,45.310967144840355,2161.0,20.0,2036.0,1584.0,1240.0,1700.0,1578.0,0.8898658028690422
17,125,17_125,1.0,0.9853917662682603,0.49269588313413015,49.24169986719787,2259.0,20.0,2161.0,2036.0,1584.0,1240.0,1700.0,0.9256308100929614
17,126,17_126,1.0,0.9247404844290658,0.5237889273356401,50.1431660899654,2312.0,20.0,2259.0,2161.0,2036.0,1584.0,1240.0,0.958044982698962
17,127,17_127,1.0,0.9279404927940493,0.46257554625755465,51.81450488145049,2151.0,20.0,2312.0,2259.0,2161.0,2036.0,1584.0,0.9967456996745699
17,128,17_128,1.0,0.8683148335015136,0.41422805247225025,52.177093844601416,1982.0,20.0,2151.0,2312.0,2259.0,2161.0,2036.0,1.0348133198789102
17,129,17_129,1.0,0.8528321863419799,0.3848597141344627,52.292218104817366,1889.0,20.0,1982.0,2151.0,2312.0,2259.0,2161.0,1.023292747485442
18,0,18_0,0.0,1.9170506912442395,0.8387096774193549,60.764976958525345,217.0,21.0,0.0,0.0,0.0,0.0,0.0,1.7880184331797235
18,1,18_1,0.0,1.9230769230769231,0.8502024291497976,58.27935222672065,247.0,21.0,217.0,0.0,0.0,0.0,0.0,1.639676113360324
18,2,18_2,0.0,1.711297071129707,0.7573221757322176,58.85355648535565,239.0,21.0,247.0,217.0,0.0,0.0,0.0,1.8075313807531381
18,3,18_3,1.0,1.8628158844765343,1.187725631768953,56.0072202166065,277.0,21.0,239.0,247.0,217.0,0.0,0.0,1.595667870036101
18,4,18_4,0.0,1.7781456953642385,1.0298013245033113,56.966887417218544,302.0,21.0,277.0,239.0,247.0,217.0,0.0,1.8410596026490067
18,5,18_5,0.0,2.190909090909091,1.0121212121212122,56.89090909090909,330.0,21.0,302.0,277.0,239.0,247.0,217.0,1.8575757575757577
18,6,18_6,1.0,1.865203761755486,0.9717868338557993,54.68652037617555,319.0,21.0,330.0,302.0,277.0,239.0,247.0,1.8087774294670846
18,7,18_7,1.0,1.8841870824053453,1.0712694877505569,54.57461024498886,449.0,21.0,319.0,330.0,302.0,277.0,239.0,1.6792873051224944
18,8,18_8,1.0,2.0497630331753554,1.1919431279620853,53.59478672985782,422.0,21.0,449.0,319.0,330.0,302.0,277.0,1.7132701421800949
18,9,18_9,1.0,1.9501466275659824,1.2404692082111437,51.87390029325513,341.0,21.0,422.0,449.0,319.0,330.0,302.0,1.7595307917888563
18,10,18_10,0.0,2.2893518518518516,0.7800925925925926,55.01851851851852,432.0,21.0,341.0,422.0,449.0,319.0,330.0,1.6666666666666667
18,11,18_11,1.0,2.0308370044052864,0.7841409691629956,52.54405286343612,454.0,21.0,432.0,341.0,422.0,449.0,319.0,1.724669603524229
18,12,18_12,1.0,2.059866962305987,0.9068736141906873,52.467849223946786,451.0,21.0,454.0,432.0,341.0,422.0,449.0,1.6563192904656319
18,13,18_13,1.0,2.174731182795699,0.8736559139784946,58.123655913978496,372.0,21.0,451.0,454.0,432.0,341.0,422.0,1.8279569892473118
18,14,18_14,0.0,1.9395770392749245,0.6858006042296072,58.56495468277946,331.0,21.0,372.0,451.0,454.0,432.0,341.0,1.7915407854984895
18,15,18_15,0.0,2.038327526132404,0.8989547038327527,54.58885017421603,287.0,21.0,331.0,372.0,451.0,454.0,432.0,1.7735191637630663
18,16,18_16,0.0,2.0,0.6777408637873754,59.07641196013289,301.0,21.0,287.0,331.0,372.0,451.0,454.0,1.7375415282392026
18,17,18_17,0.0,1.862190812720848,0.7985865724381626,55.226148409893995,283.0,21.0,301.0,287.0,331.0,372.0,451.0,1.6360424028268552
18,18,18_18,0.0,1.9924242424242424,0.7083333333333334,58.67424242424242,264.0,21.0,283.0,301.0,287.0,331.0,372.0,1.768939393939394
18,19,18_19,0.0,1.914590747330961,0.7793594306049823,59.1779359430605,281.0,21.0,264.0,283.0,301.0,287.0,331.0,1.6832740213523132
18,20,18_20,0.0,2.029850746268657,0.5522388059701493,57.1865671641791,268.0,21.0,281.0,264.0,283.0,301.0,287.0,1.712686567164179
18,21,18_21,0.0,2.1285140562248994,0.5983935742971888,58.53815261044177,249.0,21.0,268.0,281.0,264.0,283.0,301.0,1.7911646586345382
18,22,18_22,0.0,1.9317073170731707,0.6146341463414634,57.91219512195122,205.0,21.0,249.0,268.0,281.0,264.0,283.0,1.7414634146341463
18,23,18_23,0.0,1.9675425038639875,0.9227202472952086,42.33539412673879,647.0,21.0,205.0,249.0,268.0,281.0,264.0,1.5873261205564142
18,24,18_24,1.0,1.9270650263620386,1.0351493848857645,46.42003514938489,1138.0,21.0,647.0,205.0,249.0,268.0,281.0,1.6775043936731107
18,25,18_25,1.0,1.988252569750367,0.8076358296622613,52.013215859030836,681.0,21.0,1138.0,647.0,205.0,249.0,268.0,1.7562408223201176
18,26,18_26,1.0,1.8044692737430168,0.8026070763500931,54.886405959031656,537.0,21.0,681.0,1138.0,647.0,205.0,249.0,1.8305400372439478
18,27,18_27,1.0,1.9519230769230769,0.7259615384615384,55.41105769230769,416.0,21.0,537.0,681.0,1138.0,647.0,205.0,1.8125
18,28,18_28,1.0,1.8706896551724137,0.6494252873563219,55.37931034482759,348.0,21.0,416.0,537.0,681.0,1138.0,647.0,1.7471264367816093
18,29,18_29,0.0,1.7676470588235293,0.5794117647058824,58.64705882352941,340.0,21.0,348.0,416.0,537.0,681.0,1138.0,1.7676470588235293
18,30,18_30,0.0,1.9816849816849818,0.6996336996336996,59.57142857142857,273.0,21.0,340.0,348.0,416.0,537.0,681.0,1.7985347985347986
18,31,18_31,0.0,1.9554794520547945,0.6712328767123288,57.33904109589041,292.0,21.0,273.0,340.0,348.0,416.0,537.0,1.8424657534246576
18,32,18_32,1.0,1.9364548494983278,0.6655518394648829,56.17725752508361,299.0,21.0,292.0,273.0,340.0,348.0,416.0,1.785953177257525
18,33,18_33,1.0,1.8501628664495113,0.6026058631921825,57.43322475570032,307.0,21.0,299.0,292.0,273.0,340.0,348.0,1.8957654723127035
18,34,18_34,0.0,1.822695035460993,0.5212765957446809,57.99290780141844,282.0,21.0,307.0,299.0,292.0,273.0,340.0,1.7375886524822695
18,35,18_35,0.0,1.7397769516728625,0.5464684014869888,59.56505576208178,269.0,21.0,282.0,307.0,299.0,292.0,273.0,1.8364312267657992
18,36,18_36,0.0,1.9059829059829059,0.7521367521367521,57.82051282051282,234.0,21.0,269.0,282.0,307.0,299.0,292.0,1.8205128205128205
18,37,18_37,1.0,1.7878787878787878,0.5340909090909091,59.678030303030305,264.0,21.0,234.0,269.0,282.0,307.0,299.0,1.8106060606060606
18,38,18_38,1.0,1.9703703703703703,0.5,60.57037037037037,270.0,21.0,264.0,234.0,269.0,282.0,307.0,1.7925925925925925
18,39,18_39,1.0,1.7811158798283262,0.5579399141630901,61.858369098712444,233.0,21.0,270.0,264.0,234.0,269.0,282.0,1.9184549356223175
18,40,18_40,0.0,1.8305785123966942,0.4834710743801653,59.549586776859506,242.0,21.0,233.0,270.0,264.0,234.0,269.0,1.6818181818181819
18,41,18_41,0.0,1.804255319148936,0.44680851063829785,60.09787234042553,235.0,21.0,242.0,233.0,270.0,264.0,234.0,1.7702127659574467
18,42,18_42,0.0,1.7781954887218046,0.6165413533834586,61.37593984962406,266.0,21.0,235.0,242.0,233.0,270.0,264.0,1.7706766917293233
18,43,18_43,0.0,1.8044444444444445,0.48,61.76,225.0,21.0,266.0,235.0,242.0,233.0,270.0,1.808888888888889
18,44,18_44,0.0,1.7664233576642336,0.5693430656934306,58.065693430656935,274.0,21.0,225.0,266.0,235.0,242.0,233.0,1.8065693430656935
18,45,18_45,1.0,1.8120567375886525,0.5319148936170213,55.86524822695036,282.0,21.0,274.0,225.0,266.0,235.0,242.0,1.7659574468085106
18,46,18_46,1.0,1.8776758409785932,0.6422018348623854,53.10091743119266,327.0,21.0,282.0,274.0,225.0,266.0,235.0,1.5351681957186545
18,47,18_47,1.0,1.880952380952381,0.42857142857142855,57.157738095238095,336.0,21.0,327.0,282.0,274.0,225.0,266.0,1.6875
18,48,18_48,0.0,1.8170212765957447,0.3872340425531915,59.83404255319149,235.0,21.0,336.0,327.0,282.0,274.0,225.0,1.897872340425532
18,49,18_49,0.0,1.8555555555555556,1.0037037037037038,55.22222222222222,270.0,21.0,235.0,336.0,327.0,282.0,274.0,1.6444444444444444
18,50,18_50,1.0,1.7525773195876289,0.898379970544919,49.70986745213549,679.0,21.0,270.0,235.0,336.0,327.0,282.0,1.4830633284241532
18,51,18_51,1.0,1.8092269326683292,0.7493765586034913,52.00623441396509,802.0,21.0,679.0,270.0,235.0,336.0,327.0,1.6109725685785536
18,52,18_52,0.0,1.8616796047988708,1.031757233592096,44.20395201129146,1417.0,21.0,802.0,679.0,270.0,235.0,336.0,1.549047282992237
18,53,18_53,1.0,1.8762135922330097,0.7297734627831716,50.060679611650485,1236.0,21.0,1417.0,802.0,679.0,270.0,235.0,1.6707119741100325
18,54,18_54,1.0,1.8481152993348116,0.6330376940133038,53.69290465631929,902.0,21.0,1236.0,1417.0,802.0,679.0,270.0,1.7161862527716185
18,55,18_55,1.0,1.8126801152737753,0.7478386167146974,56.55907780979827,694.0,21.0,902.0,1236.0,1417.0,802.0,679.0,1.8357348703170029
18,56,18_56,1.0,1.8246753246753247,0.6363636363636364,56.50974025974026,616.0,21.0,694.0,902.0,1236.0,1417.0,802.0,1.8506493506493507
18,57,18_57,1.0,2.0068143100511073,0.5485519591141397,57.35093696763203,587.0,21.0,616.0,694.0,902.0,1236.0,1417.0,1.787052810902896
18,58,18_58,1.0,1.896764252696456,0.5362095531587057,56.69337442218798,649.0,21.0,587.0,616.0,694.0,902.0,1236.0,1.9599383667180277
18,59,18_59,1.0,1.9726775956284153,0.5555555555555556,57.94535519125683,549.0,21.0,649.0,587.0,616.0,694.0,902.0,2.0182149362477233
18,60,18_60,1.0,1.8325991189427313,0.6145374449339207,58.93392070484582,454.0,21.0,549.0,649.0,587.0,616.0,694.0,1.933920704845815
18,61,18_61,1.0,1.8578088578088578,0.627039627039627,60.785547785547784,429.0,21.0,454.0,549.0,649.0,587.0,616.0,1.8717948717948718
18,62,18_62,1.0,1.8857142857142857,0.5714285714285714,57.794285714285714,350.0,21.0,429.0,454.0,549.0,649.0,587.0,1.8771428571428572
18,63,18_63,0.0,1.9246376811594204,0.7652173913043478,60.25217391304348,345.0,21.0,350.0,429.0,454.0,549.0,649.0,2.008695652173913
18,64,18_64,0.0,1.817910447761194,0.5970149253731343,61.092537313432835,335.0,21.0,345.0,350.0,429.0,454.0,549.0,1.9402985074626866
18,65,18_65,0.0,1.8459119496855345,0.6352201257861635,58.39622641509434,318.0,21.0,335.0,345.0,350.0,429.0,454.0,1.8647798742138364
18,66,18_66,0.0,1.9543859649122808,0.5333333333333333,59.72631578947368,285.0,21.0,318.0,335.0,345.0,350.0,429.0,1.8912280701754387
18,67,18_67,0.0,1.8979591836734695,0.564625850340136,61.5578231292517,294.0,21.0,285.0,318.0,335.0,345.0,350.0,1.9217687074829932
18,68,18_68,0.0,1.8576642335766422,0.42700729927007297,64.65328467153284,274.0,21.0,294.0,285.0,318.0,335.0,345.0,2.0
18,69,18_69,0.0,1.8111455108359134,0.5046439628482973,64.21052631578948,323.0,21.0,274.0,294.0,285.0,318.0,335.0,1.978328173374613
18,70,18_70,0.0,1.9026845637583893,0.5671140939597316,64.64093959731544,298.0,21.0,323.0,274.0,294.0,285.0,318.0,2.0067114093959733
18,71,18_71,1.0,1.8636363636363635,0.8057851239669421,62.99173553719008,242.0,21.0,298.0,323.0,274.0,294.0,285.0,1.8429752066115703
18,72,18_72,0.0,1.9741697416974169,0.6014760147601476,61.11808118081181,271.0,21.0,242.0,298.0,323.0,274.0,294.0,1.8929889298892988
18,73,18_73,1.0,1.9071207430340558,0.6749226006191951,57.29102167182663,323.0,21.0,271.0,242.0,298.0,323.0,274.0,1.9628482972136223
18,74,18_74,0.0,1.911764705882353,0.6862745098039216,55.91503267973856,306.0,21.0,323.0,271.0,242.0,298.0,323.0,1.7254901960784315
18,75,18_75,1.0,1.9650602409638553,2.5927710843373495,43.778915662650604,1660.0,21.0,306.0,323.0,271.0,242.0,298.0,1.6421686746987951
18,76,18_76,1.0,1.9450282942603072,1.9078415521422798,48.2805173807599,1237.0,21.0,1660.0,306.0,323.0,271.0,242.0,1.7259498787388845
18,77,18_77,1.0,2.007534983853606,1.5823466092572658,52.05705059203444,929.0,21.0,1237.0,1660.0,306.0,323.0,271.0,1.7567276641550054
18,78,18_78,1.0,1.9433681073025335,1.42026825633383,53.2414307004471,671.0,21.0,929.0,1237.0,1660.0,306.0,323.0,1.812220566318927
18,79,18_79,1.0,1.9439834024896265,0.979253112033195,58.28423236514523,482.0,21.0,671.0,929.0,1237.0,1660.0,306.0,1.8257261410788381
18,80,18_80,1.0,1.9262086513994912,0.8956743002544529,55.81679389312977,393.0,21.0,482.0,671.0,929.0,1237.0,1660.0,1.8193384223918576
18,81,18_81,1.0,1.9048913043478262,0.6929347826086957,60.42663043478261,368.0,21.0,393.0,482.0,671.0,929.0,1237.0,1.8396739130434783
18,82,18_82,1.0,1.8291139240506329,1.0063291139240507,60.54113924050633,316.0,21.0,368.0,393.0,482.0,671.0,929.0,1.9272151898734178
18,83,18_83,1.0,1.8425531914893618,0.7361702127659574,56.38297872340426,235.0,21.0,316.0,368.0,393.0,482.0,671.0,1.804255319148936
18,84,18_84,1.0,1.8718861209964412,0.5907473309608541,57.37722419928826,281.0,21.0,235.0,316.0,368.0,393.0,482.0,1.903914590747331
18,85,18_85,1.0,1.7586206896551724,0.8307210031347962,52.49843260188088,319.0,21.0,281.0,235.0,316.0,368.0,393.0,1.6677115987460815
18,86,18_86,0.0,1.7201365187713311,0.6450511945392492,55.88737201365188,293.0,21.0,319.0,281.0,235.0,316.0,368.0,1.6109215017064846
18,87,18_87,1.0,1.73753280839895,0.5485564304461942,52.01049868766404,381.0,21.0,293.0,319.0,281.0,235.0,316.0,1.6299212598425197
18,88,18_88,0.0,1.8641975308641976,0.6234567901234568,62.57098765432099,324.0,21.0,381.0,293.0,319.0,281.0,235.0,1.9753086419753085
18,89,18_89,0.0,1.9066265060240963,0.6174698795180723,62.6355421686747,332.0,21.0,324.0,381.0,293.0,319.0,281.0,1.963855421686747
18,90,18_90,0.0,1.8119402985074626,0.5283582089552239,60.22686567164179,335.0,21.0,332.0,324.0,381.0,293.0,319.0,1.8835820895522388
18,91,18_91,0.0,1.9796511627906976,0.5436046511627907,60.770348837209305,344.0,21.0,335.0,332.0,324.0,381.0,293.0,1.9098837209302326
18,92,18_92,0.0,1.8517241379310345,0.5206896551724138,60.92068965517242,290.0,21.0,344.0,335.0,332.0,324.0,381.0,1.8620689655172413
18,93,18_93,0.0,1.9,0.7620689655172413,61.15172413793103,290.0,21.0,290.0,344.0,335.0,332.0,324.0,1.8758620689655172
18,94,18_94,0.0,1.823920265780731,0.6245847176079734,62.3156146179402,301.0,21.0,290.0,290.0,344.0,335.0,332.0,2.096345514950166
18,95,18_95,0.0,1.8636363636363635,0.6893939393939394,61.696969696969695,264.0,21.0,301.0,290.0,290.0,344.0,335.0,2.0492424242424243
18,96,18_96,1.0,1.8872017353579176,0.6724511930585684,51.72885032537961,461.0,21.0,264.0,301.0,290.0,290.0,344.0,1.7440347071583515
18,97,18_97,1.0,1.8794178794178795,0.6361746361746362,54.59251559251559,481.0,21.0,461.0,264.0,301.0,290.0,290.0,1.7276507276507276
18,98,18_98,1.0,1.855721393034826,0.6890547263681592,59.885572139303484,402.0,21.0,481.0,461.0,264.0,301.0,290.0,1.927860696517413
18,99,18_99,1.0,1.9833729216152018,0.5985748218527316,59.19002375296912,421.0,21.0,402.0,481.0,461.0,264.0,301.0,1.7862232779097387
18,100,18_100,0.0,1.9974160206718345,0.4754521963824289,61.950904392764855,387.0,21.0,421.0,402.0,481.0,461.0,264.0,1.875968992248062
18,101,18_101,0.0,2.0082644628099175,0.4903581267217631,60.00550964187328,363.0,21.0,387.0,421.0,402.0,481.0,461.0,1.790633608815427
18,102,18_102,1.0,1.9965811965811966,0.452991452991453,56.401709401709404,585.0,21.0,363.0,387.0,421.0,402.0,481.0,1.8
18,103,18_103,1.0,2.0389908256880735,0.5229357798165137,61.07339449541284,436.0,21.0,585.0,363.0,387.0,421.0,402.0,1.864678899082569
18,104,18_104,0.0,1.8739495798319328,0.5602240896358543,60.49299719887955,357.0,21.0,436.0,585.0,363.0,387.0,421.0,1.8235294117647058
18,105,18_105,0.0,1.888157894736842,0.694078947368421,61.33552631578947,304.0,21.0,357.0,436.0,585.0,363.0,387.0,1.9046052631578947
18,106,18_106,0.0,1.832876712328767,0.5452054794520548,62.36164383561644,365.0,21.0,304.0,357.0,436.0,585.0,363.0,1.9013698630136986
18,107,18_107,1.0,1.973747016706444,0.6181384248210023,57.57040572792363,419.0,21.0,365.0,304.0,357.0,436.0,585.0,1.7517899761336515
18,108,18_108,0.0,1.9461538461538461,1.4173076923076924,55.62692307692308,520.0,21.0,419.0,365.0,304.0,357.0,436.0,1.6826923076923077
18,109,18_109,1.0,2.0066472787702536,3.5724968840880766,43.738263398421275,2407.0,21.0,520.0,419.0,365.0,304.0,357.0,1.5284586622351475
18,110,18_110,1.0,1.944800394282898,2.7535731887629376,47.03745687530803,2029.0,21.0,2407.0,520.0,419.0,365.0,304.0,1.6628881222276983
18,111,18_111,1.0,1.9251968503937007,2.1181102362204722,50.35748031496063,1270.0,21.0,2029.0,2407.0,520.0,419.0,365.0,1.8125984251968503
18,112,18_112,1.0,1.8387734915924827,1.7002967359050445,50.003956478733926,1011.0,21.0,1270.0,2029.0,2407.0,520.0,419.0,1.7398615232443126
18,113,18_113,1.0,1.6726694915254237,1.5005296610169492,44.33262711864407,1888.0,21.0,1011.0,1270.0,2029.0,2407.0,520.0,1.566207627118644
18,114,18_114,1.0,1.7770549970431697,1.1543465405085749,47.997043169722055,1691.0,21.0,1888.0,1011.0,1270.0,2029.0,2407.0,1.6303962152572442
18,115,18_115,1.0,1.7267241379310345,1.0482758620689656,51.6948275862069,1160.0,21.0,1691.0,1888.0,1011.0,1270.0,2029.0,1.7982758620689656
18,116,18_116,1.0,1.7634529147982063,0.8621076233183856,54.18834080717489,892.0,21.0,1160.0,1691.0,1888.0,1011.0,1270.0,1.757847533632287
18,117,18_117,1.0,1.8005952380952381,0.8511904761904762,53.470238095238095,672.0,21.0,892.0,1160.0,1691.0,1888.0,1011.0,1.8020833333333333
18,118,18_118,1.0,1.7379077615298089,0.7570303712035995,54.985376827896516,889.0,21.0,672.0,892.0,1160.0,1691.0,1888.0,1.8245219347581552
18,119,18_119,1.0,1.8323076923076924,0.7707692307692308,56.66153846153846,650.0,21.0,889.0,672.0,892.0,1160.0,1691.0,1.7692307692307692
18,120,18_120,1.0,1.826219512195122,0.6676829268292683,56.30335365853659,656.0,21.0,650.0,889.0,672.0,892.0,1160.0,1.858231707317073
18,121,18_121,1.0,1.9176610978520285,0.6073985680190931,54.43914081145585,838.0,21.0,656.0,650.0,889.0,672.0,892.0,1.795942720763723
18,122,18_122,1.0,1.9477715877437325,0.6204735376044568,49.98885793871866,1436.0,21.0,838.0,656.0,650.0,889.0,672.0,1.8461002785515321
18,123,18_123,1.0,1.9434756464221288,0.6650631389055923,54.705351773902585,1663.0,21.0,1436.0,838.0,656.0,650.0,889.0,1.8929645219482862
18,124,18_124,1.0,1.9246336357292393,0.6615491974877878,56.605024424284714,1433.0,21.0,1663.0,1436.0,838.0,656.0,650.0,1.9769713886950453
18,125,18_125,1.0,1.9327354260089686,0.6914798206278027,59.2932735426009,1115.0,21.0,1433.0,1663.0,1436.0,838.0,656.0,1.9964125560538117
18,126,18_126,1.0,1.8689956331877728,0.7521834061135371,58.71615720524017,916.0,21.0,1115.0,1433.0,1663.0,1436.0,838.0,2.0447598253275108
18,127,18_127,1.0,1.8559907834101383,0.7142857142857143,59.683179723502306,868.0,21.0,916.0,1115.0,1433.0,1663.0,1436.0,2.0172811059907834
18,128,18_128,1.0,1.858887381275441,0.6255088195386703,59.84803256445048,737.0,21.0,868.0,916.0,1115.0,1433.0,1663.0,2.0
18,129,18_129,0.0,1.8306092124814264,0.6924219910846954,61.946508172362556,673.0,21.0,737.0,868.0,916.0,1115.0,1433.0,1.9821693907875186
19,0,19_0,0.0,2.466666666666667,0.6,40.915151515151514,165.0,12.0,0.0,0.0,0.0,0.0,0.0,1.103030303030303
19,1,19_1,0.0,2.2364864864864864,0.581081081081081,35.608108108108105,148.0,12.0,165.0,0.0,0.0,0.0,0.0,1.195945945945946
19,2,19_2,0.0,2.380392156862745,0.6431372549019608,36.35686274509804,255.0,12.0,148.0,165.0,0.0,0.0,0.0,1.2392156862745098
19,3,19_3,0.0,2.041269841269841,0.726984126984127,34.56190476190476,315.0,12.0,255.0,148.0,165.0,0.0,0.0,1.2031746031746031
19,4,19_4,0.0,2.1055900621118013,0.7919254658385093,34.2111801242236,322.0,12.0,315.0,255.0,148.0,165.0,0.0,1.2329192546583851
19,5,19_5,0.0,2.0784313725490198,0.7675070028011205,35.9859943977591,357.0,12.0,322.0,315.0,255.0,148.0,165.0,1.2100840336134453
19,6,19_6,1.0,1.9785932721712538,0.8103975535168195,34.3394495412844,327.0,12.0,357.0,322.0,315.0,255.0,148.0,1.0428134556574924
19,7,19_7,1.0,1.9195121951219511,0.7439024390243902,35.21219512195122,410.0,12.0,327.0,357.0,322.0,315.0,255.0,1.0292682926829269
19,8,19_8,0.0,1.9639639639639639,0.5923423423423423,33.718468468468465,444.0,12.0,410.0,327.0,357.0,322.0,315.0,1.0292792792792793
19,9,19_9,0.0,2.0349127182044886,0.6982543640897756,34.87032418952619,401.0,12.0,444.0,410.0,327.0,357.0,322.0,1.084788029925187
19,10,19_10,1.0,2.364746945898778,0.6701570680628273,34.26701570680628,573.0,12.0,401.0,444.0,410.0,327.0,357.0,1.0837696335078535
19,11,19_11,1.0,2.329923273657289,0.5140664961636828,36.14066496163683,391.0,12.0,573.0,401.0,444.0,410.0,327.0,1.1176470588235294
19,12,19_12,0.0,2.374558303886926,0.5618374558303887,38.20494699646643,283.0,12.0,391.0,573.0,401.0,444.0,410.0,1.2473498233215548
19,13,19_13,0.0,2.4331983805668016,0.6032388663967612,39.23886639676113,247.0,12.0,283.0,391.0,573.0,401.0,444.0,1.1093117408906883
19,14,19_14,1.0,2.4734513274336285,0.4469026548672566,39.44690265486726,226.0,12.0,247.0,283.0,391.0,573.0,401.0,1.168141592920354
19,15,19_15,0.0,2.2459016393442623,0.5519125683060109,40.049180327868854,183.0,12.0,226.0,247.0,283.0,391.0,573.0,1.2021857923497268
19,16,19_16,0.0,2.4088669950738915,0.45320197044334976,43.69458128078818,203.0,12.0,183.0,226.0,247.0,283.0,391.0,1.1477832512315271
19,17,19_17,0.0,2.3363636363636364,0.4636363636363636,41.85454545454545,220.0,12.0,203.0,183.0,226.0,247.0,283.0,1.0318181818181817
19,18,19_18,0.0,2.0825242718446604,0.5097087378640777,38.23300970873787,206.0,12.0,220.0,203.0,183.0,226.0,247.0,1.0097087378640777
19,19,19_19,0.0,2.1343283582089554,0.417910447761194,41.55721393034826,201.0,12.0,206.0,220.0,203.0,183.0,226.0,1.0497512437810945
19,20,19_20,0.0,2.096774193548387,0.5023041474654378,40.645161290322584,217.0,12.0,201.0,206.0,220.0,203.0,183.0,0.9308755760368663
19,21,19_21,0.0,2.2222222222222223,0.38095238095238093,40.81481481481482,189.0,12.0,217.0,201.0,206.0,220.0,203.0,1.052910052910053
19,22,19_22,0.0,2.4150943396226414,0.3270440251572327,42.339622641509436,159.0,12.0,189.0,217.0,201.0,206.0,220.0,1.2955974842767295
19,23,19_23,0.0,2.0733333333333333,0.4666666666666667,39.36666666666667,150.0,12.0,159.0,189.0,217.0,201.0,206.0,1.1
19,24,19_24,0.0,2.0778443113772456,0.3772455089820359,38.08383233532934,167.0,12.0,150.0,159.0,189.0,217.0,201.0,1.0778443113772456
19,25,19_25,1.0,1.7926829268292683,0.8048780487804879,33.5609756097561,246.0,12.0,167.0,150.0,159.0,189.0,217.0,0.7926829268292683
19,26,19_26,1.0,1.663951120162933,0.8615071283095723,32.82281059063136,491.0,12.0,246.0,167.0,150.0,159.0,189.0,0.6659877800407332
19,27,19_27,1.0,1.9475655430711611,0.5280898876404494,38.42696629213483,267.0,12.0,491.0,246.0,167.0,150.0,159.0,1.0074906367041199
19,28,19_28,1.0,2.2325581395348837,0.641860465116279,40.693023255813955,215.0,12.0,267.0,491.0,246.0,167.0,150.0,1.172093023255814
19,29,19_29,1.0,1.704225352112676,0.778169014084507,35.193661971830984,284.0,12.0,215.0,267.0,491.0,246.0,167.0,0.8767605633802817
19,30,19_30,1.0,2.1527777777777777,0.4074074074074074,42.28703703703704,216.0,12.0,284.0,215.0,267.0,491.0,246.0,1.2222222222222223
19,31,19_31,1.0,2.3137254901960786,0.3464052287581699,46.705882352941174,153.0,12.0,216.0,284.0,215.0,267.0,491.0,1.3725490196078431
19,32,19_32,0.0,2.2083333333333335,0.3611111111111111,42.18055555555556,144.0,12.0,153.0,216.0,284.0,215.0,267.0,1.1458333333333333
19,33,19_33,0.0,2.381818181818182,0.5727272727272728,45.481818181818184,110.0,12.0,144.0,153.0,216.0,284.0,215.0,1.2727272727272727
19,34,19_34,0.0,2.4018691588785046,0.411214953271028,42.177570093457945,107.0,12.0,110.0,144.0,153.0,216.0,284.0,1.1682242990654206
19,35,19_35,0.0,2.433333333333333,0.36666666666666664,43.733333333333334,90.0,12.0,107.0,110.0,144.0,153.0,216.0,1.3555555555555556
19,36,19_36,0.0,2.3017241379310347,0.41379310344827586,36.78448275862069,116.0,12.0,90.0,107.0,110.0,144.0,153.0,0.9137931034482759
19,37,19_37,0.0,2.248447204968944,0.6211180124223602,40.50931677018634,161.0,12.0,116.0,90.0,107.0,110.0,144.0,1.1304347826086956
19,38,19_38,0.0,2.2945205479452055,0.4178082191780822,43.61643835616438,146.0,12.0,161.0,116.0,90.0,107.0,110.0,1.1232876712328768
19,39,19_39,0.0,2.5342465753424657,0.5136986301369864,46.0958904109589,146.0,12.0,146.0,161.0,116.0,90.0,107.0,1.1986301369863013
19,40,19_40,0.0,2.579710144927536,0.42028985507246375,47.869565217391305,138.0,12.0,146.0,146.0,161.0,116.0,90.0,1.3695652173913044
19,41,19_41,0.0,2.581081081081081,0.4864864864864865,43.054054054054056,148.0,12.0,138.0,146.0,146.0,161.0,116.0,1.2702702702702702
19,42,19_42,1.0,2.4,0.4307692307692308,45.49230769230769,130.0,12.0,148.0,138.0,146.0,146.0,161.0,1.3
19,43,19_43,1.0,2.2888888888888888,0.35555555555555557,41.837037037037035,135.0,12.0,130.0,148.0,138.0,146.0,146.0,1.037037037037037
19,44,19_44,1.0,2.1875,0.48214285714285715,40.089285714285715,112.0,12.0,135.0,130.0,148.0,138.0,146.0,1.0178571428571428
19,45,19_45,1.0,2.3577981651376145,0.46788990825688076,44.44954128440367,109.0,12.0,112.0,135.0,130.0,148.0,138.0,1.3027522935779816
19,46,19_46,0.0,2.2989690721649483,0.6494845360824743,36.95876288659794,97.0,12.0,109.0,112.0,135.0,130.0,148.0,1.0618556701030928
19,47,19_47,0.0,1.9140625,0.390625,36.34375,128.0,12.0,97.0,109.0,112.0,135.0,130.0,1.265625
19,48,19_48,1.0,2.0545454545454547,0.41818181818181815,38.945454545454545,110.0,12.0,128.0,97.0,109.0,112.0,135.0,1.0363636363636364
19,49,19_49,1.0,1.8369565217391304,0.47282608695652173,38.65217391304348,184.0,12.0,110.0,128.0,97.0,109.0,112.0,0.7336956521739131
19,50,19_50,1.0,2.0,0.48404255319148937,42.95744680851064,188.0,12.0,184.0,110.0,128.0,97.0,109.0,0.9521276595744681
19,51,19_51,0.0,1.9,0.4111111111111111,39.644444444444446,180.0,12.0,188.0,184.0,110.0,128.0,97.0,0.9888888888888889
19,52,19_52,0.0,2.096969696969697,0.47878787878787876,40.56363636363636,165.0,12.0,180.0,188.0,184.0,110.0,128.0,1.103030303030303
19,53,19_53,0.0,1.9154929577464788,0.4084507042253521,41.774647887323944,142.0,12.0,165.0,180.0,188.0,184.0,110.0,1.0211267605633803
19,54,19_54,0.0,2.3333333333333335,0.3854166666666667,45.135416666666664,96.0,12.0,142.0,165.0,180.0,188.0,184.0,1.2916666666666667
19,55,19_55,0.0,2.372340425531915,0.44680851063829785,40.4468085106383,94.0,12.0,96.0,142.0,165.0,180.0,188.0,1.2234042553191489
19,56,19_56,0.0,2.303370786516854,0.29775280898876405,39.735955056179776,178.0,12.0,94.0,96.0,142.0,165.0,180.0,1.151685393258427
19,57,19_57,1.0,2.8065843621399176,0.1934156378600823,39.23868312757202,243.0,12.0,178.0,94.0,96.0,142.0,165.0,1.1810699588477367
19,58,19_58,1.0,2.727272727272727,0.3424242424242424,43.487878787878785,330.0,12.0,243.0,178.0,94.0,96.0,142.0,1.5333333333333334
19,59,19_59,1.0,2.6026058631921822,0.36482084690553745,46.28013029315961,307.0,12.0,330.0,243.0,178.0,94.0,96.0,1.5374592833876222
19,60,19_60,0.0,2.679144385026738,0.36363636363636365,45.898395721925134,187.0,12.0,307.0,330.0,243.0,178.0,94.0,1.374331550802139
19,61,19_61,1.0,2.460227272727273,0.375,48.84090909090909,176.0,12.0,187.0,307.0,330.0,243.0,178.0,1.5397727272727273
19,62,19_62,1.0,2.426470588235294,0.625,45.875,136.0,12.0,176.0,187.0,307.0,330.0,243.0,1.3823529411764706
19,63,19_63,1.0,2.5984251968503935,0.44881889763779526,47.40157480314961,127.0,12.0,136.0,176.0,187.0,307.0,330.0,1.6062992125984252
19,64,19_64,1.0,2.688073394495413,0.4954128440366973,49.00917431192661,109.0,12.0,127.0,136.0,176.0,187.0,307.0,1.4220183486238531
19,65,19_65,1.0,2.3970588235294117,0.5882352941176471,46.60294117647059,68.0,12.0,109.0,127.0,136.0,176.0,187.0,1.5294117647058822
19,66,19_66,0.0,2.5657894736842106,0.3684210526315789,46.06578947368421,76.0,12.0,68.0,109.0,127.0,136.0,176.0,1.4342105263157894
19,67,19_67,0.0,2.4794520547945207,0.4931506849315068,46.986301369863014,73.0,12.0,76.0,68.0,109.0,127.0,136.0,1.3287671232876712
19,68,19_68,0.0,2.3373493975903616,0.4939759036144578,48.81927710843374,83.0,12.0,73.0,76.0,68.0,109.0,127.0,1.0843373493975903
19,69,19_69,0.0,2.1228070175438596,0.38596491228070173,48.45614035087719,57.0,12.0,83.0,73.0,76.0,68.0,109.0,1.3333333333333333
19,70,19_70,1.0,2.1710526315789473,0.25,42.88157894736842,76.0,12.0,57.0,83.0,73.0,76.0,68.0,1.2105263157894737
19,71,19_71,0.0,2.1746031746031744,0.5079365079365079,46.92063492063492,63.0,12.0,76.0,57.0,83.0,73.0,76.0,1.2698412698412698
19,72,19_72,0.0,2.176470588235294,0.36470588235294116,42.98823529411764,85.0,12.0,63.0,76.0,57.0,83.0,73.0,1.388235294117647
19,73,19_73,1.0,2.108108108108108,0.6418918918918919,39.67567567567568,148.0,12.0,85.0,63.0,76.0,57.0,83.0,1.3513513513513513
19,74,19_74,1.0,2.271604938271605,0.6172839506172839,39.27160493827161,162.0,12.0,148.0,85.0,63.0,76.0,57.0,1.3395061728395061
19,75,19_75,1.0,2.1707317073170733,0.6097560975609756,41.13414634146341,82.0,12.0,162.0,148.0,85.0,63.0,76.0,1.5
19,76,19_76,1.0,2.5952380952380953,0.5833333333333334,45.05952380952381,84.0,12.0,82.0,162.0,148.0,85.0,63.0,1.3095238095238095
19,77,19_77,1.0,2.197530864197531,0.4074074074074074,41.79012345679013,81.0,12.0,84.0,82.0,162.0,148.0,85.0,1.1851851851851851
19,78,19_78,0.0,2.0632911392405062,0.3924050632911392,38.91139240506329,79.0,12.0,81.0,84.0,82.0,162.0,148.0,1.1265822784810127
19,79,19_79,1.0,2.505050505050505,0.8080808080808081,40.39393939393939,99.0,12.0,79.0,81.0,84.0,82.0,162.0,1.2424242424242424
19,80,19_80,0.0,2.2735042735042734,0.6837606837606838,43.547008547008545,117.0,12.0,99.0,79.0,81.0,84.0,82.0,1.435897435897436
19,81,19_81,1.0,2.272727272727273,0.48484848484848486,43.42424242424242,99.0,12.0,117.0,99.0,79.0,81.0,84.0,1.5757575757575757
19,82,19_82,0.0,2.1702127659574466,0.32978723404255317,45.244680851063826,94.0,12.0,99.0,117.0,99.0,79.0,81.0,1.6063829787234043
19,83,19_83,1.0,2.1931818181818183,0.4090909090909091,43.86363636363637,88.0,12.0,94.0,99.0,117.0,99.0,79.0,1.4431818181818181
19,84,19_84,0.0,2.247311827956989,0.3010752688172043,42.70967741935484,93.0,12.0,88.0,94.0,99.0,117.0,99.0,1.053763440860215
19,85,19_85,0.0,2.1951219512195124,0.3333333333333333,42.05691056910569,123.0,12.0,93.0,88.0,94.0,99.0,117.0,1.3008130081300813
19,86,19_86,0.0,2.0625,0.32142857142857145,45.75892857142857,112.0,12.0,123.0,93.0,88.0,94.0,99.0,1.1696428571428572
19,87,19_87,0.0,2.065934065934066,0.23076923076923078,45.10989010989011,91.0,12.0,112.0,123.0,93.0,88.0,94.0,1.2857142857142858
19,88,19_88,0.0,1.9278350515463918,0.27835051546391754,41.92783505154639,97.0,12.0,91.0,112.0,123.0,93.0,88.0,1.092783505154639
19,89,19_89,0.0,2.0081967213114753,0.5573770491803278,40.16393442622951,122.0,12.0,97.0,91.0,112.0,123.0,93.0,1.2622950819672132
19,90,19_90,1.0,1.7652173913043478,0.7260869565217392,38.47826086956522,230.0,12.0,122.0,97.0,91.0,112.0,123.0,1.0478260869565217
19,91,19_91,1.0,1.9034090909090908,0.3068181818181818,40.97727272727273,176.0,12.0,230.0,122.0,97.0,91.0,112.0,1.0284090909090908
19,92,19_92,1.0,1.7173913043478262,0.8152173913043478,35.58152173913044,184.0,12.0,176.0,230.0,122.0,97.0,91.0,0.5978260869565217
19,93,19_93,1.0,1.6331811263318112,0.7016742770167428,38.666666666666664,657.0,12.0,184.0,176.0,230.0,122.0,97.0,0.5388127853881278
19,94,19_94,1.0,1.778929188255613,0.6753022452504318,42.67875647668394,579.0,12.0,657.0,184.0,176.0,230.0,122.0,0.7737478411053541
19,95,19_95,1.0,1.9205298013245033,0.7240618101545254,45.76379690949227,453.0,12.0,579.0,657.0,184.0,176.0,230.0,1.0044150110375276
19,96,19_96,1.0,1.874551971326165,0.6236559139784946,45.86021505376344,279.0,12.0,453.0,579.0,657.0,184.0,176.0,1.075268817204301
19,97,19_97,1.0,1.9012875536480687,0.4248927038626609,45.1931330472103,233.0,12.0,279.0,453.0,579.0,657.0,184.0,0.9957081545064378
19,98,19_98,0.0,1.9670781893004115,0.5843621399176955,43.8724279835391,243.0,12.0,233.0,279.0,453.0,579.0,657.0,1.0740740740740742
19,99,19_99,1.0,1.75,0.75,40.577586206896555,232.0,12.0,243.0,233.0,279.0,453.0,579.0,1.0775862068965518
19,100,19_100,1.0,1.6120481927710844,1.7132530120481928,34.195180722891564,830.0,12.0,232.0,243.0,233.0,279.0,453.0,0.7228915662650602
19,101,19_101,1.0,1.8066666666666666,1.298888888888889,39.78111111111111,900.0,12.0,830.0,232.0,243.0,233.0,279.0,0.9255555555555556
19,102,19_102,1.0,1.9124537607891492,0.9395807644882861,41.63501849568434,811.0,12.0,900.0,830.0,232.0,243.0,233.0,1.0
19,103,19_103,1.0,1.5858761987794245,1.4673060156931124,31.480383609415867,1147.0,12.0,811.0,900.0,830.0,232.0,243.0,0.7105492589363557
19,104,19_104,1.0,1.7,1.2916666666666667,36.35166666666667,1200.0,12.0,1147.0,811.0,900.0,830.0,232.0,0.8691666666666666
19,105,19_105,0.0,1.8928571428571428,0.8976833976833977,40.54150579150579,1036.0,12.0,1200.0,1147.0,811.0,900.0,830.0,0.9864864864864865
19,106,19_106,1.0,1.8343434343434344,0.8202020202020202,40.43333333333333,990.0,12.0,1036.0,1200.0,1147.0,811.0,900.0,0.9404040404040404
19,107,19_107,1.0,1.9563636363636363,0.7878787878787878,42.82787878787879,825.0,12.0,990.0,1036.0,1200.0,1147.0,811.0,1.0206060606060605
19,108,19_108,1.0,1.9339339339339339,0.6006006006006006,42.07957957957958,666.0,12.0,825.0,990.0,1036.0,1200.0,1147.0,1.021021021021021
19,109,19_109,0.0,1.9208261617900173,0.459552495697074,43.57142857142857,581.0,12.0,666.0,825.0,990.0,1036.0,1200.0,0.9810671256454389
19,110,19_110,1.0,1.557315233785822,1.579185520361991,32.43061840120664,1326.0,12.0,581.0,666.0,825.0,990.0,1036.0,0.7345399698340875
19,111,19_111,1.0,1.71,1.39,37.05571428571429,1400.0,12.0,1326.0,581.0,666.0,825.0,990.0,0.925
19,112,19_112,1.0,1.8502949852507375,1.039085545722714,39.52064896755162,1356.0,12.0,1400.0,1326.0,581.0,666.0,825.0,1.0663716814159292
19,113,19_113,1.0,1.8892825509300266,0.8742249778565102,39.87245349867139,1129.0,12.0,1356.0,1400.0,1326.0,581.0,666.0,1.1399468556244463
19,114,19_114,1.0,2.05672268907563,0.7657563025210085,41.489495798319325,952.0,12.0,1129.0,1356.0,1400.0,1326.0,581.0,1.171218487394958
19,115,19_115,1.0,1.8990610328638498,0.5453834115805947,36.03129890453834,1278.0,12.0,952.0,1129.0,1356.0,1400.0,1326.0,1.0054773082942097
19,116,19_116,1.0,2.0582922824302137,0.4819376026272578,40.426108374384235,1218.0,12.0,1278.0,952.0,1129.0,1356.0,1400.0,1.1305418719211822
19,117,19_117,1.0,2.0653021442495128,0.5633528265107213,40.719298245614034,1026.0,12.0,1218.0,1278.0,952.0,1129.0,1356.0,0.9074074074074074
19,118,19_118,1.0,2.2404580152671754,0.5203562340966921,42.45165394402036,786.0,12.0,1026.0,1218.0,1278.0,952.0,1129.0,0.9809160305343512
19,119,19_119,1.0,2.1569230769230767,0.48,42.173846153846156,650.0,12.0,786.0,1026.0,1218.0,1278.0,952.0,0.9569230769230769
19,120,19_120,0.0,2.2504604051565376,0.48250460405156537,43.09760589318601,543.0,12.0,650.0,786.0,1026.0,1218.0,1278.0,0.8784530386740331
19,121,19_121,1.0,2.58004158004158,0.4677754677754678,44.45530145530145,481.0,12.0,543.0,650.0,786.0,1026.0,1218.0,0.920997920997921
19,122,19_122,1.0,2.4149659863945576,0.819047619047619,39.225850340136056,735.0,12.0,481.0,543.0,650.0,786.0,1026.0,0.908843537414966
19,123,19_123,1.0,2.3355874894336432,0.9797125950972105,34.760777683854606,1183.0,12.0,735.0,481.0,543.0,650.0,786.0,0.8444632290786137
19,124,19_124,1.0,2.5062320230105466,0.8648130393096836,40.56184084372004,1043.0,12.0,1183.0,735.0,481.0,543.0,650.0,0.8945349952061361
19,125,19_125,1.0,2.634698275862069,0.7693965517241379,42.69504310344828,928.0,12.0,1043.0,1183.0,735.0,481.0,543.0,0.9073275862068966
19,126,19_126,1.0,2.6382978723404253,0.7139479905437353,43.645390070921984,846.0,12.0,928.0,1043.0,1183.0,735.0,481.0,0.9539007092198581
19,127,19_127,1.0,2.6632522407170294,0.6043533930857875,45.22663252240717,781.0,12.0,846.0,928.0,1043.0,1183.0,735.0,0.9910371318822023
19,128,19_128,1.0,2.633781763826607,0.6023916292974589,45.035874439461885,669.0,12.0,781.0,846.0,928.0,1043.0,1183.0,1.0732436472346787
19,129,19_129,1.0,2.623310810810811,0.785472972972973,46.83445945945946,592.0,12.0,669.0,781.0,846.0,928.0,1043.0,1.0625
